relative_ms;timestamp_ms;channel;meaning;length;packet_no;changed_bytes;hex;payload_sha256;public_redaction
2085;1786821168987;2A00;Unbekannter Kanal;24;1;0,1,2,3,4,5,6,7,8,9,10,11,12,13,14,15,16,17,18,19,20,21,22,23;;76e372406e5a71538c6e4894bba3797f594705e594733a2bb81339ed5e7403a8;identity_or_free_form
2738;1786821169640;2A01;Unbekannter Kanal;2;1;0,1;00-00;;
3389;1786821170291;2A02;Unbekannter Kanal;2;1;0,1;00-00;;
4042;1786821170944;2A04;Unbekannter Kanal;8;1;0,1,2,3,4,5,6,7;14-00-28-00-00-00-E8-03;;
4056;1786821170958;1502;Akkuinformationen;16;1;0,1,2,3,4,5,6,7,8,9,10,11,12,13,14,15;47-18-FF-FF-FF-FF-47-18-FF-FF-FF-FF-FF-FF-00-00;;
4474;1786821171376;1505;BikePerformance / Fahrleistung;18;1;0,1,2,3,4,5,6,7,8,9,10,11,12,13,14,15,16,17;00-00-00-00-FF-FF-00-00-FF-FF-FF-FF-FF-00-00-00-00-00;;
4683;1786821171585;1506;Trip / Kilometer & Betriebszähler;16;1;0,1,2,3,4,5,6,7,8,9,10,11,12,13,14,15;00-00-1B-A9-00-02-25-6D-00-00-02-C4-00-00-00-00;;
4706;1786821171608;2A28;Unbekannter Kanal;10;1;0,1,2,3,4,5,6,7,8,9;;065d10ab6f3c497c3209251b654ac005a7f67238063fbfcf96d99fbc93d910b5;identity_or_free_form
5102;1786821172004;1508;Settings / Licht & Fahrstufe;17;1;0,1,2,3,4,5,6,7,8,9,10,11,12,13,14,15,16;00-00-00-02-FF-FF-FF-FF-FF-FF-FF-00-00-00-00-00-00;;
5316;1786821172218;1509;BatteryChange / Akku-Livestand;11;1;0,1,2,3,4,5,6,7,8,9,10;00-00-FF-FF-4B-C5-A8-00-00-00-00;;
5347;1786821172249;1501;Fahrzeuginformationen;18;1;0,1,2,3,4,5,6,7,8,9,10,11,12,13,14,15,16,17;01-02-FF-FF-FF-FF-00-FF-FF-0A-00-00-00-03-00-00-00-00;;
5518;1786821172420;150A;MotorUpdate / Motor-Livestand;10;1;0,1,2,3,4,5,6,7,8,9;00-00-FF-FF-FF-FF-FF-FF-FF-FF;;
5731;1786821172633;150B;Motor-/Controllerblock;20;1;0,1,2,3,4,5,6,7,8,9,10,11,12,13,14,15,16,17,18,19;FF-FF-FF-FF-FF-FF-FF-FF-FF-FF-FF-FF-FF-FF-FF-FF-FF-FF-FF-FF;;
5934;1786821172836;150D;Zweite Fahrstatistik;20;1;0,1,2,3,4,5,6,7,8,9,10,11,12,13,14,15,16,17,18,19;00-DA-00-78-FF-FF-FF-FF-47-18-FF-FF-FF-FF-FF-FF-FF-FF-00-00;;
6001;1786821172903;1502;Akkuinformationen;16;2;–;47-18-FF-FF-FF-FF-47-18-FF-FF-FF-FF-FF-FF-00-00;;
6663;1786821173565;1503;Motor-/Controllerinformationen;2;1;0,1;00-00;;
6981;1786821173883;1502;Akkuinformationen;16;3;–;47-18-FF-FF-FF-FF-47-18-FF-FF-FF-FF-FF-FF-00-00;;
7317;1786821174219;1504;Firmware-ID;19;1;0,1,2,3,4,5,6,7,8,9,10,11,12,13,14,15,16,17,18;;4e07d6e11ce50a4fe1ae8e5a809265a5f7ec456e886854ff5619eaccd09e46ac;identity_or_free_form
7398;1786821174300;1505;BikePerformance / Fahrleistung;18;2;–;00-00-00-00-FF-FF-00-00-FF-FF-FF-FF-FF-00-00-00-00-00;;
7612;1786821174514;1506;Trip / Kilometer & Betriebszähler;16;2;–;00-00-1B-A9-00-02-25-6D-00-00-02-C4-00-00-00-00;;
7982;1786821174884;1505;BikePerformance / Fahrleistung;18;3;–;00-00-00-00-FF-FF-00-00-FF-FF-FF-FF-FF-00-00-00-00-00;;
8024;1786821174926;1508;Settings / Licht & Fahrstufe;17;2;–;00-00-00-02-FF-FF-FF-FF-FF-FF-FF-00-00-00-00-00-00;;
8228;1786821175130;1509;BatteryChange / Akku-Livestand;11;2;–;00-00-FF-FF-4B-C5-A8-00-00-00-00;;
8444;1786821175346;150A;MotorUpdate / Motor-Livestand;10;2;–;00-00-FF-FF-FF-FF-FF-FF-FF-FF;;
8632;1786821175534;1506;Trip / Kilometer & Betriebszähler;16;3;–;00-00-1B-A9-00-02-25-6D-00-00-02-C4-00-00-00-00;;
8644;1786821175546;150B;Motor-/Controllerblock;20;2;–;FF-FF-FF-FF-FF-FF-FF-FF-FF-FF-FF-FF-FF-FF-FF-FF-FF-FF-FF-FF;;
8859;1786821175761;150D;Zweite Fahrstatistik;20;2;–;00-DA-00-78-FF-FF-FF-FF-47-18-FF-FF-FF-FF-FF-FF-FF-FF-00-00;;
9284;1786821176186;1507;Stats / Gesamtfahrdaten;8;1;0,1,2,3,4,5,6,7;FF-FF-FF-FF-00-DA-00-78;;
9905;1786821176807;1502;Akkuinformationen;16;4;–;47-18-FF-FF-FF-FF-47-18-FF-FF-FF-FF-FF-FF-00-00;;
9937;1786821176839;1508;Settings / Licht & Fahrstufe;16;3;16;00-00-00-02-FF-FF-FF-FF-FF-FF-FF-00-00-00-00-00;;
10322;1786821177224;1505;BikePerformance / Fahrleistung;18;4;–;00-00-00-00-FF-FF-00-00-FF-FF-FF-FF-FF-00-00-00-00-00;;
10525;1786821177427;1506;Trip / Kilometer & Betriebszähler;16;4;–;00-00-1B-A9-00-02-25-6D-00-00-02-C4-00-00-00-00;;
10590;1786821177492;1509;BatteryChange / Akku-Livestand;11;3;–;00-00-FF-FF-4B-C5-A8-00-00-00-00;;
10940;1786821177842;1508;Settings / Licht & Fahrstufe;17;4;16;00-00-00-02-FF-FF-FF-FF-FF-FF-FF-00-00-00-00-00-00;;
11154;1786821178056;1509;BatteryChange / Akku-Livestand;11;4;5,6;00-00-FF-FF-4B-C6-0C-00-00-00-00;;
11253;1786821178155;150A;MotorUpdate / Motor-Livestand;10;3;–;00-00-FF-FF-FF-FF-FF-FF-FF-FF;;
11359;1786821178261;150A;MotorUpdate / Motor-Livestand;10;4;–;00-00-FF-FF-FF-FF-FF-FF-FF-FF;;
11570;1786821178472;150B;Motor-/Controllerblock;20;3;–;FF-FF-FF-FF-FF-FF-FF-FF-FF-FF-FF-FF-FF-FF-FF-FF-FF-FF-FF-FF;;
11784;1786821178686;150D;Zweite Fahrstatistik;20;3;–;00-DA-00-78-FF-FF-FF-FF-47-18-FF-FF-FF-FF-FF-FF-FF-FF-00-00;;
11906;1786821178808;150B;Motor-/Controllerblock;20;4;–;FF-FF-FF-FF-FF-FF-FF-FF-FF-FF-FF-FF-FF-FF-FF-FF-FF-FF-FF-FF;;
12558;1786821179460;150C;BatteryCellUpdate / Zell- & Temperaturdaten;13;1;0,1,2,3,4,5,6,7,8,9,10,11,12;FF-FF-FF-80-00-80-00-80-00-00-00-00-00;;
12818;1786821179720;1502;Akkuinformationen;16;5;–;47-18-FF-FF-FF-FF-47-18-FF-FF-FF-FF-FF-FF-00-00;;
13211;1786821180113;150D;Zweite Fahrstatistik;20;4;–;00-DA-00-78-FF-FF-FF-FF-47-18-FF-FF-FF-FF-FF-FF-FF-FF-00-00;;
13233;1786821180135;1505;BikePerformance / Fahrleistung;18;5;–;00-00-00-00-FF-FF-00-00-FF-FF-FF-FF-FF-00-00-00-00-00;;
13451;1786821180353;1506;Trip / Kilometer & Betriebszähler;16;5;–;00-00-1B-A9-00-02-25-6D-00-00-02-C4-00-00-00-00;;
13864;1786821180766;150E;Unbekannter Kanal;20;1;0,1,2,3,4,5,6,7,8,9,10,11,12,13,14,15,16,17,18,19;FF-00-00-00-00-00-00-00-00-00-00-00-00-00-00-00-00-00-00-00;;
13865;1786821180767;1508;Settings / Licht & Fahrstufe;17;5;–;00-00-00-02-FF-FF-FF-FF-FF-FF-FF-00-00-00-00-00-00;;
14069;1786821180971;1509;BatteryChange / Akku-Livestand;11;5;5,6;00-00-FF-FF-4B-C5-A8-00-00-00-00;;
14281;1786821181183;150A;MotorUpdate / Motor-Livestand;10;5;–;00-00-FF-FF-FF-FF-FF-FF-FF-FF;;
14499;1786821181401;150B;Motor-/Controllerblock;20;5;–;FF-FF-FF-FF-FF-FF-FF-FF-FF-FF-FF-FF-FF-FF-FF-FF-FF-FF-FF-FF;;
14528;1786821181430;150F;Unbekannter Kanal;20;1;0,1,2,3,4,5,6,7,8,9,10,11,12,13,14,15,16,17,18,19;FF-00-00-00-00-00-00-00-00-00-00-00-00-00-00-00-00-00-00-00;;
14699;1786821181601;150D;Zweite Fahrstatistik;20;5;–;00-DA-00-78-FF-FF-FF-FF-47-18-FF-FF-FF-FF-FF-FF-FF-FF-00-00;;
15169;1786821182071;1510;Unbekannter Kanal;20;1;0,1,2,3,4,5,6,7,8,9,10,11,12,13,14,15,16,17,18,19;FF-00-00-00-00-00-00-00-00-00-00-00-00-00-00-00-00-00-00-00;;
15745;1786821182647;1502;Akkuinformationen;16;6;–;47-18-FF-FF-FF-FF-47-18-FF-FF-FF-FF-FF-FF-00-00;;
15821;1786821182723;1511;Unbekannter Kanal;20;1;0,1,2,3,4,5,6,7,8,9,10,11,12,13,14,15,16,17,18,19;;ddbb9244acf8127793a84541964b8caae120eaef045f4f997bbdaa6a2295bb67;identity_or_free_form
16161;1786821183063;1505;BikePerformance / Fahrleistung;18;6;–;00-00-00-00-FF-FF-00-00-FF-FF-FF-FF-FF-00-00-00-00-00;;
16364;1786821183266;1506;Trip / Kilometer & Betriebszähler;16;6;–;00-00-1B-A9-00-02-25-6D-00-00-02-C4-00-00-00-00;;
16495;1786821183397;1512;Unbekannter Kanal;20;1;0,1,2,3,4,5,6,7,8,9,10,11,12,13,14,15,16,17,18,19;FF-00-00-00-00-00-00-00-00-00-00-00-00-00-00-00-00-00-00-00;;
16791;1786821183693;1508;Settings / Licht & Fahrstufe;17;6;–;00-00-00-02-FF-FF-FF-FF-FF-FF-FF-00-00-00-00-00-00;;
16992;1786821183894;1509;BatteryChange / Akku-Livestand;11;6;5,6;00-00-FF-FF-4B-C6-0C-00-00-00-00;;
17151;1786821184053;1513;Unbekannter Kanal;20;1;0,1,2,3,4,5,6,7,8,9,10,11,12,13,14,15,16,17,18,19;;ddbb9244acf8127793a84541964b8caae120eaef045f4f997bbdaa6a2295bb67;identity_or_free_form
17206;1786821184108;150A;MotorUpdate / Motor-Livestand;10;6;–;00-00-FF-FF-FF-FF-FF-FF-FF-FF;;
17408;1786821184310;150B;Motor-/Controllerblock;20;6;–;FF-FF-FF-FF-FF-FF-FF-FF-FF-FF-FF-FF-FF-FF-FF-FF-FF-FF-FF-FF;;
17623;1786821184525;150D;Zweite Fahrstatistik;20;6;–;00-DA-00-78-FF-FF-FF-FF-47-18-FF-FF-FF-FF-FF-FF-FF-FF-00-00;;
17801;1786821184703;151C;Unbekannter Kanal;10;1;0,1,2,3,4,5,6,7,8,9;FF-00-00-00-00-00-00-00-00-00;;
18455;1786821185357;1802;Unbekannter Kanal;20;1;0,1,2,3,4,5,6,7,8,9,10,11,12,13,14,15,16,17,18,19;;161660a64e88a397a33d90c876888717a0e1f7735754b0fbec20ad3d762038ba;identity_or_free_form
18658;1786821185560;1502;Akkuinformationen;16;7;–;47-18-FF-FF-FF-FF-47-18-FF-FF-FF-FF-FF-FF-00-00;;
19108;1786821186010;0203;Unbekannter Kanal;1;1;0;00;;
19290;1786821186192;1505;BikePerformance / Fahrleistung;18;7;–;00-00-00-00-FF-FF-00-00-FF-FF-FF-FF-FF-00-00-00-00-00;;
19515;1786821186417;1506;Trip / Kilometer & Betriebszähler;16;7;–;00-00-1B-A9-00-02-25-6D-00-00-02-C4-00-00-00-00;;
19918;1786821186820;1508;Settings / Licht & Fahrstufe;17;7;–;00-00-00-02-FF-FF-FF-FF-FF-FF-FF-00-00-00-00-00-00;;
20122;1786821187024;1509;BatteryChange / Akku-Livestand;11;7;5,6;00-00-FF-FF-4B-C5-A8-00-00-00-00;;
20336;1786821187238;150A;MotorUpdate / Motor-Livestand;10;7;–;00-00-FF-FF-FF-FF-FF-FF-FF-FF;;
20539;1786821187441;150B;Motor-/Controllerblock;20;7;–;FF-FF-FF-FF-FF-FF-FF-FF-FF-FF-FF-FF-FF-FF-FF-FF-FF-FF-FF-FF;;
20750;1786821187652;150D;Zweite Fahrstatistik;20;7;–;00-DA-00-78-FF-FF-FF-FF-47-18-FF-FF-FF-FF-FF-FF-FF-FF-00-00;;
21797;1786821188699;1502;Akkuinformationen;16;8;–;47-18-FF-FF-FF-FF-47-18-FF-FF-FF-FF-FF-FF-00-00;;
22213;1786821189115;1505;BikePerformance / Fahrleistung;18;8;–;00-00-00-00-FF-FF-00-00-FF-FF-FF-FF-FF-00-00-00-00-00;;
22416;1786821189318;1506;Trip / Kilometer & Betriebszähler;16;8;–;00-00-1B-A9-00-02-25-6D-00-00-02-C4-00-00-00-00;;
22834;1786821189736;1508;Settings / Licht & Fahrstufe;17;8;–;00-00-00-02-FF-FF-FF-FF-FF-FF-FF-00-00-00-00-00-00;;
23046;1786821189948;1509;BatteryChange / Akku-Livestand;11;8;–;00-00-FF-FF-4B-C5-A8-00-00-00-00;;
23253;1786821190155;150A;MotorUpdate / Motor-Livestand;10;8;–;00-00-FF-FF-FF-FF-FF-FF-FF-FF;;
23404;1786821190306;2A05;Unbekannter Kanal;4;1;0,1,2,3;00-00-00-00;;
23462;1786821190364;150B;Motor-/Controllerblock;20;8;–;FF-FF-FF-FF-FF-FF-FF-FF-FF-FF-FF-FF-FF-FF-FF-FF-FF-FF-FF-FF;;
23676;1786821190578;150D;Zweite Fahrstatistik;20;8;–;00-DA-00-78-FF-FF-FF-FF-47-18-FF-FF-FF-FF-FF-FF-FF-FF-00-00;;
24068;1786821190970;2A00;Unbekannter Kanal;24;2;–;;76e372406e5a71538c6e4894bba3797f594705e594733a2bb81339ed5e7403a8;identity_or_free_form
24709;1786821191611;1502;Akkuinformationen;16;9;–;47-18-FF-FF-FF-FF-47-18-FF-FF-FF-FF-FF-FF-00-00;;
24720;1786821191622;2A01;Unbekannter Kanal;2;2;–;00-00;;
25127;1786821192029;1505;BikePerformance / Fahrleistung;18;9;–;00-00-00-00-FF-FF-00-00-FF-FF-FF-FF-FF-00-00-00-00-00;;
25350;1786821192252;1506;Trip / Kilometer & Betriebszähler;16;9;–;00-00-1B-A9-00-02-25-6D-00-00-02-C4-00-00-00-00;;
25361;1786821192263;2A02;Unbekannter Kanal;2;2;–;00-00;;
25770;1786821192672;1508;Settings / Licht & Fahrstufe;17;9;–;00-00-00-02-FF-FF-FF-FF-FF-FF-FF-00-00-00-00-00-00;;
25960;1786821192862;1509;BatteryChange / Akku-Livestand;11;9;–;00-00-FF-FF-4B-C5-A8-00-00-00-00;;
26014;1786821192916;2A04;Unbekannter Kanal;8;2;–;14-00-28-00-00-00-E8-03;;
26174;1786821193076;150A;MotorUpdate / Motor-Livestand;10;9;–;00-00-FF-FF-FF-FF-FF-FF-FF-FF;;
26388;1786821193290;150B;Motor-/Controllerblock;20;9;–;FF-FF-FF-FF-FF-FF-FF-FF-FF-FF-FF-FF-FF-FF-FF-FF-FF-FF-FF-FF;;
26589;1786821193491;150D;Zweite Fahrstatistik;20;9;–;00-DA-00-78-FF-FF-FF-FF-47-18-FF-FF-FF-FF-FF-FF-FF-FF-00-00;;
26667;1786821193569;2A28;Unbekannter Kanal;10;2;–;;065d10ab6f3c497c3209251b654ac005a7f67238063fbfcf96d99fbc93d910b5;identity_or_free_form
27320;1786821194222;1501;Fahrzeuginformationen;18;2;–;01-02-FF-FF-FF-FF-00-FF-FF-0A-00-00-00-03-00-00-00-00;;
27637;1786821194539;1502;Akkuinformationen;16;10;–;47-18-FF-FF-FF-FF-47-18-FF-FF-FF-FF-FF-FF-00-00;;
27983;1786821194885;1502;Akkuinformationen;16;11;–;47-18-FF-FF-FF-FF-47-18-FF-FF-FF-FF-FF-FF-00-00;;
28052;1786821194954;1505;BikePerformance / Fahrleistung;18;10;–;00-00-00-00-FF-FF-00-00-FF-FF-FF-FF-FF-00-00-00-00-00;;
28266;1786821195168;1506;Trip / Kilometer & Betriebszähler;16;10;–;00-00-1B-A9-00-02-25-6D-00-00-02-C4-00-00-00-00;;
28636;1786821195538;1503;Motor-/Controllerinformationen;2;2;–;00-00;;
28680;1786821195582;1508;Settings / Licht & Fahrstufe;17;10;–;00-00-00-02-FF-FF-FF-FF-FF-FF-FF-00-00-00-00-00-00;;
