timestamp_ms;scan_id;record_kind;outcome;callback_received;service_uuid;characteristic_uuid;short_id;properties;properties_raw;status;length;hex;payload_valid;payload_sha256;public_redaction;connection_epoch;measurement_connection_epoch;rssi;evidence;meaning
1788007751323;scan-1788007751323-e3-61dfac51b350;CONNECTION_EVENT;ATTEMPT_STARTED;false;;;ATTEMPT;-;0;;0;;false;;;3;;;BT638 beobachtet;Deep READ / BLE observation attempt started
1788007751371;scan-1788007751323-e3-61dfac51b350;GATT_READ_CALLBACK;CALLBACK_SUCCESS;true;da1a1500-d532-4285-be94-b07a3e11a098;da1a1509-d532-4285-be94-b07a3e11a098;1509;READ|NOTIFY;18;0;11;00-00-FF-FF-40-C1-C0-00-00-00-00;true;b16c907bbef6ae181d8f85f869662c8727026b47104180e82241fd06620be2df;;3;;;BT638 bestätigt;"Zentraler Akku-Livekanal mit bestätigtem SOC, Strom und Spannung; direkte Leistung bleibt Kandidat."
1788007751391;scan-1788007751323-e3-61dfac51b350;GATT_READ_CALLBACK;CALLBACK_SUCCESS;true;da1a1500-d532-4285-be94-b07a3e11a098;da1a150c-d532-4285-be94-b07a3e11a098;150C;READ|NOTIFY;18;0;13;FF-FF-FF-80-00-80-00-80-00-00-00-00-00;true;11a6021ef07326bb91c6c00e8bc882871f4aeb666e24c17c83ba653120c34c6b;;3;;;BT638 beobachtet;Zell- und Temperaturbezug im SDK plausibel, BT638-Details offen.
1788007751411;scan-1788007751323-e3-61dfac51b350;GATT_READ_CALLBACK;CALLBACK_SUCCESS;true;da1a1500-d532-4285-be94-b07a3e11a098;da1a1502-d532-4285-be94-b07a3e11a098;1502;READ|NOTIFY;18;0;16;47-18-FF-FF-FF-FF-47-18-FF-FF-FF-FF-FF-FF-00-00;true;88519dec33b43de6137585d9b99a59635f328f96846dcd2fad3b103f7ab17780;;3;;;BT638 beobachtet;Statischer Akku-/Controllerblock mit offener Detailbelegung.
1788007751431;scan-1788007751323-e3-61dfac51b350;GATT_READ_CALLBACK;CALLBACK_SUCCESS;true;da1a1500-d532-4285-be94-b07a3e11a098;da1a150a-d532-4285-be94-b07a3e11a098;150A;READ|NOTIFY;18;0;10;00-00-FF-FF-FF-FF-FF-FF-FF-FF;true;620caaac7c438c4d77f616fcd3d8fe9eba8e7061bed3bbef5bd2d383cc6ff2c6;;3;;;BT638 beobachtet;"Dynamischer Block beobachtet; die Motor-Feldrollen stammen bislang nur aus dem nativen SDK-Layout."
1788007751451;scan-1788007751323-e3-61dfac51b350;GATT_READ_CALLBACK;CALLBACK_SUCCESS;true;00010203-0405-0607-0809-0a0b0c0d1912;00010203-0405-0607-0809-0a0b0c0d2b12;00010203-0405-0607-0809-0A0B0C0D2B12;READ|WRITE_NR;6;0;1;00;true;6e340b9cffb37a989ca544e6bb780a2c78901d3fb33738768511a30617afa01d;;3;;;Unbekannt;Nicht in der importierten Wissensbasis zugeordnet.
1788007751471;scan-1788007751323-e3-61dfac51b350;GATT_READ_CALLBACK;CALLBACK_SUCCESS;true;da1a1500-d532-4285-be94-b07a3e11a098;da1a1501-d532-4285-be94-b07a3e11a098;1501;READ;2;0;18;;true;811b3c6b80f7789610c47b8d423107b5d9bda00c98bb8f4437af9796c1af1a99;identity_or_free_form;3;;;BT638 beobachtet;REDACTED_IDENTITY_OR_FREE_FORM
1788007751491;scan-1788007751323-e3-61dfac51b350;GATT_READ_CALLBACK;CALLBACK_SUCCESS;true;da1a1500-d532-4285-be94-b07a3e11a098;da1a1503-d532-4285-be94-b07a3e11a098;1503;READ;2;0;2;00-00;true;96a296d224f285c67bee93c30f8a309157f0daa35dc5b87e410b78630a09cfc7;;3;;;BT638 beobachtet;Statischer Motor-/Controllerblock mit offener BT638-Zuordnung.
1788007751511;scan-1788007751323-e3-61dfac51b350;GATT_READ_CALLBACK;CALLBACK_SUCCESS;true;da1a1500-d532-4285-be94-b07a3e11a098;da1a1504-d532-4285-be94-b07a3e11a098;1504;READ;2;0;19;;true;4e07d6e11ce50a4fe1ae8e5a809265a5f7ec456e886854ff5619eaccd09e46ac;identity_or_free_form;3;;;BT638 beobachtet;REDACTED_IDENTITY_OR_FREE_FORM
1788007751531;scan-1788007751323-e3-61dfac51b350;GATT_READ_CALLBACK;CALLBACK_SUCCESS;true;da1a1500-d532-4285-be94-b07a3e11a098;da1a1505-d532-4285-be94-b07a3e11a098;1505;READ|NOTIFY;18;0;18;00-00-00-00-FF-FF-00-00-FF-FF-FF-FF-FF-00-00-00-00-00;true;9a324bf4c41442d1dda677a86f787c468b1f7a07007204ae2f31d4c50c471695;;3;;;BT638 bestätigt;Live-Fahrdatenkanal mit bestätigter Geschwindigkeitssemantik.
1788007751551;scan-1788007751323-e3-61dfac51b350;GATT_READ_CALLBACK;CALLBACK_SUCCESS;true;da1a1500-d532-4285-be94-b07a3e11a098;da1a1506-d532-4285-be94-b07a3e11a098;1506;READ|NOTIFY;18;0;16;00-00-1C-C5-00-02-3F-3E-00-00-02-E0-00-00-00-00;true;13ffe9e047ab849fe33f20621bfaaa4cfa78c5fb57234a752399c63ec8f0f669;;3;;;BT638 bestätigt;Statistik- und Kilometerkanal mit bestätigtem Odometer-Feld.
1788007751571;scan-1788007751323-e3-61dfac51b350;GATT_READ_CALLBACK;CALLBACK_SUCCESS;true;da1a1500-d532-4285-be94-b07a3e11a098;da1a1507-d532-4285-be94-b07a3e11a098;1507;READ;2;0;8;FF-FF-FF-FF-00-00-00-00;true;72a4fa3544e43a836ffcb268ce06ccdbc55d44d5e6b1b1c19216a53ea98301fd;;3;;;BT638 beobachtet;Statistikblock im BT638 beobachtet, Bedeutung im Detail noch offen.
1788007751591;scan-1788007751323-e3-61dfac51b350;GATT_READ_CALLBACK;CALLBACK_SUCCESS;true;da1a1500-d532-4285-be94-b07a3e11a098;da1a1508-d532-4285-be94-b07a3e11a098;1508;READ|NOTIFY;18;0;16;00-00-00-02-FF-FF-FF-FF-FF-FF-FF-00-00-00-00-00;true;f06b9ae973cc09b50f0f48440c6e96db1c470f58af483b680eaa586561bcf258;;3;;;BT638 bestätigt;Settings-naher Kanal mit bestätigten Zuständen für Licht und Fahrmodus.
1788007751621;scan-1788007751323-e3-61dfac51b350;GATT_READ_CALLBACK;CALLBACK_SUCCESS;true;da1a1500-d532-4285-be94-b07a3e11a098;da1a150b-d532-4285-be94-b07a3e11a098;150B;READ|NOTIFY;18;0;20;FF-FF-FF-FF-FF-FF-FF-FF-FF-FF-FF-FF-FF-FF-FF-FF-FF-FF-FF-FF;true;9a8dcd3f9ff7aa3114e141f03c12989d363ea81fd74c02eea63c5f41489cb17a;;3;;;BT638 beobachtet;Bisher überwiegend Platzhalterdaten.
1788007751641;scan-1788007751323-e3-61dfac51b350;GATT_READ_CALLBACK;CALLBACK_SUCCESS;true;da1a1500-d532-4285-be94-b07a3e11a098;da1a150d-d532-4285-be94-b07a3e11a098;150D;READ|NOTIFY;18;0;20;00-00-00-00-FF-FF-FF-FF-47-18-FF-FF-FF-FF-FF-FF-FF-FF-00-00;true;f15957cfcf3f265b9378d14bbdfb2e078633f2fc7ed7c65e6870b1316cc0adb8;;3;;;BT638 bestätigt;"Persistente Fahrstatistik mit Maximum und Durchschnitt; kein Live-Tempo."
1788007751661;scan-1788007751323-e3-61dfac51b350;GATT_READ_CALLBACK;CALLBACK_SUCCESS;true;da1a1500-d532-4285-be94-b07a3e11a098;da1a150e-d532-4285-be94-b07a3e11a098;150E;READ;2;0;20;FF-00-00-00-00-00-00-00-00-00-00-00-00-00-00-00-00-00-00-00;true;eb28e6a4b4ab077e254dae82e43e6913ab94d5b5fc3ab7623dbf11b1f4d3c886;;3;;;BT638 beobachtet;"Am BT638 entdeckt; Bedeutung offen."
1788007751681;scan-1788007751323-e3-61dfac51b350;GATT_READ_CALLBACK;CALLBACK_SUCCESS;true;da1a1500-d532-4285-be94-b07a3e11a098;da1a150f-d532-4285-be94-b07a3e11a098;150F;READ;2;0;20;FF-00-00-00-00-00-00-00-00-00-00-00-00-00-00-00-00-00-00-00;true;eb28e6a4b4ab077e254dae82e43e6913ab94d5b5fc3ab7623dbf11b1f4d3c886;;3;;;BT638 beobachtet;"Am BT638 entdeckt; Bedeutung offen."
1788007751701;scan-1788007751323-e3-61dfac51b350;GATT_READ_CALLBACK;CALLBACK_SUCCESS;true;da1a1500-d532-4285-be94-b07a3e11a098;da1a1510-d532-4285-be94-b07a3e11a098;1510;READ;2;0;20;FF-00-00-00-00-00-00-00-00-00-00-00-00-00-00-00-00-00-00-00;true;eb28e6a4b4ab077e254dae82e43e6913ab94d5b5fc3ab7623dbf11b1f4d3c886;;3;;;BT638 beobachtet;"Am BT638 entdeckt; Bedeutung offen."
1788007751721;scan-1788007751323-e3-61dfac51b350;GATT_READ_CALLBACK;CALLBACK_SUCCESS;true;da1a1500-d532-4285-be94-b07a3e11a098;da1a1511-d532-4285-be94-b07a3e11a098;1511;READ;2;0;20;;true;ddbb9244acf8127793a84541964b8caae120eaef045f4f997bbdaa6a2295bb67;identity_or_free_form;3;;;BT638 beobachtet;REDACTED_IDENTITY_OR_FREE_FORM
1788007751741;scan-1788007751323-e3-61dfac51b350;GATT_READ_CALLBACK;CALLBACK_SUCCESS;true;da1a1500-d532-4285-be94-b07a3e11a098;da1a1512-d532-4285-be94-b07a3e11a098;1512;READ;2;0;20;FF-00-00-00-00-00-00-00-00-00-00-00-00-00-00-00-00-00-00-00;true;eb28e6a4b4ab077e254dae82e43e6913ab94d5b5fc3ab7623dbf11b1f4d3c886;;3;;;BT638 beobachtet;"Am BT638 entdeckt; Bedeutung offen."
1788007751761;scan-1788007751323-e3-61dfac51b350;GATT_READ_CALLBACK;CALLBACK_SUCCESS;true;da1a1500-d532-4285-be94-b07a3e11a098;da1a1513-d532-4285-be94-b07a3e11a098;1513;READ;2;0;20;;true;ddbb9244acf8127793a84541964b8caae120eaef045f4f997bbdaa6a2295bb67;identity_or_free_form;3;;;BT638 beobachtet;REDACTED_IDENTITY_OR_FREE_FORM
1788007751781;scan-1788007751323-e3-61dfac51b350;GATT_READ_CALLBACK;CALLBACK_SUCCESS;true;da1a1500-d532-4285-be94-b07a3e11a098;da1a151c-d532-4285-be94-b07a3e11a098;151C;READ;2;0;10;FF-00-00-00-00-00-00-00-00-00;true;1d9d37968d88175bae6bd9bfbc24c2f4aab55e364229dff16d8929fe8ab962bb;;3;;;BT638 beobachtet;"Am BT638 entdeckt; Bedeutung offen."
1788007751803;scan-1788007751323-e3-61dfac51b350;GATT_READ_CALLBACK;CALLBACK_SUCCESS;true;da1a1800-d532-4285-be94-b07a3e11a098;da1a1802-d532-4285-be94-b07a3e11a098;1802;READ;2;0;20;;true;161660a64e88a397a33d90c876888717a0e1f7735754b0fbec20ad3d762038ba;identity_or_free_form;3;;;BT638 beobachtet;REDACTED_IDENTITY_OR_FREE_FORM
1788007751821;scan-1788007751323-e3-61dfac51b350;GATT_READ_CALLBACK;CALLBACK_SUCCESS;true;00001800-0000-1000-8000-00805f9b34fb;00002a00-0000-1000-8000-00805f9b34fb;2A00;READ|NOTIFY;18;0;24;;true;76e372406e5a71538c6e4894bba3797f594705e594733a2bb81339ed5e7403a8;identity_or_free_form;3;;;Bluetooth-Standard;REDACTED_IDENTITY_OR_FREE_FORM
1788007751841;scan-1788007751323-e3-61dfac51b350;GATT_READ_CALLBACK;CALLBACK_SUCCESS;true;00001800-0000-1000-8000-00805f9b34fb;00002a01-0000-1000-8000-00805f9b34fb;2A01;READ;2;0;2;00-00;true;96a296d224f285c67bee93c30f8a309157f0daa35dc5b87e410b78630a09cfc7;;3;;;Bluetooth-Standard;Appearance
1788007751861;scan-1788007751323-e3-61dfac51b350;GATT_READ_CALLBACK;CALLBACK_SUCCESS;true;00001800-0000-1000-8000-00805f9b34fb;00002a02-0000-1000-8000-00805f9b34fb;2A02;READ;2;0;2;00-00;true;96a296d224f285c67bee93c30f8a309157f0daa35dc5b87e410b78630a09cfc7;;3;;;Bluetooth-Standard;Peripheral Privacy Flag
1788007751881;scan-1788007751323-e3-61dfac51b350;GATT_READ_CALLBACK;CALLBACK_SUCCESS;true;00001800-0000-1000-8000-00805f9b34fb;00002a04-0000-1000-8000-00805f9b34fb;2A04;READ;2;0;8;14-00-28-00-00-00-E8-03;true;8ee55cb630f6fb40848aecd40d31b8f1424e54a5290544cce71e4f8c6b5cccfd;;3;;;Bluetooth-Standard;Peripheral Preferred Connection Parameters
1788007751901;scan-1788007751323-e3-61dfac51b350;GATT_READ_CALLBACK;CALLBACK_SUCCESS;true;00001800-0000-1000-8000-00805f9b34fb;00002a28-0000-1000-8000-00805f9b34fb;2A28;READ;2;0;10;;true;065d10ab6f3c497c3209251b654ac005a7f67238063fbfcf96d99fbc93d910b5;identity_or_free_form;3;;;Bluetooth-Standard;REDACTED_IDENTITY_OR_FREE_FORM
1788007751929;scan-1788007751323-e3-61dfac51b350;GATT_READ_CALLBACK;CALLBACK_SUCCESS;true;00001801-0000-1000-8000-00805f9b34fb;00002a05-0000-1000-8000-00805f9b34fb;2A05;READ|WRITE|NOTIFY|INDICATE|BROADCAST;123;0;4;00-00-00-00;true;df3f619804a92fdb4057192dc43dd748ea778adc52bc498ce80524c014b81119;;3;;;Bluetooth-Standard;Service Changed
1788007751930;scan-1788007751323-e3-61dfac51b350;CONNECTION_EVENT;SCAN_COMPLETED;false;;;EVENT;-;0;;0;;false;;;3;;;BT638 beobachtet;Sequential PROPERTY_READ scan completed
