relative_ms;timestamp_ms;speed_kmh_candidate;battery_percent;voltage_v;current_a;power_w;electrical_power_w;power_provenance;motor_temp_c;battery_temp_c;trip_km;odometer_km;drive_raw_1505_b7;motor_load_raw_be;battery_state_raw_1509_b6;accessory_raw_b0;accessory_raw_b3;source_channel
2000;1786979149092;;;;;;;;;;;;;;;;;1502
2066;1786979149158;0.0;;;;;;;;;;;0;;;;;1505
2089;1786979149181;0.0;;;;;;;;;;709.9;0;;;;;1506
2145;1786979149237;0.0;;;;;;;;;;709.9;0;;;0;1;1508
2179;1786979149271;0.0;69;50.1;0.0;0.0;0.0;1509_direct;;;;709.9;0;0;;0;1;1509
2213;1786979149305;0.0;69;50.1;0.0;0.0;0.0;1509_direct_carried;;;;709.9;0;0;;0;1;150A
2235;1786979149327;0.0;69;50.1;0.0;0.0;0.0;1509_direct_carried;;;;709.9;0;0;;0;1;150B
2269;1786979149361;0.0;69;50.1;0.0;0.0;0.0;1509_direct_carried;;;;709.9;0;0;;0;1;150D
8020;1786979155112;;;;;;;;;;;;;;;;;1502
8439;1786979155531;0.0;;;;;;;;;;;0;;;;;1505
8650;1786979155742;0.0;;;;;;;;;;709.9;0;;;;;1506
9066;1786979156158;0.0;;;;;;;;;;709.9;0;;;0;1;1508
9267;1786979156359;0.0;70;50.1;0.0;0.0;0.0;1509_direct;;;;709.9;0;0;;0;1;1509
9496;1786979156588;0.0;70;50.1;0.0;0.0;0.0;1509_direct_carried;;;;709.9;0;0;;0;1;150A
9688;1786979156780;0.0;70;50.1;0.0;0.0;0.0;1509_direct_carried;;;;709.9;0;0;;0;1;150B
9901;1786979156993;0.0;70;50.1;0.0;0.0;0.0;1509_direct_carried;;;;709.9;0;0;;0;1;150D
10936;1786979158028;0.0;70;50.1;0.0;0.0;0.0;1509_direct_carried;;;;709.9;0;0;;0;1;1502
11352;1786979158444;0.0;70;50.1;0.0;0.0;0.0;1509_direct_carried;;;;709.9;0;0;;0;1;1505
11566;1786979158658;0.0;70;50.1;0.0;0.0;0.0;1509_direct_carried;;;;709.9;0;0;;0;1;1506
11983;1786979159075;0.0;70;50.1;0.0;0.0;0.0;1509_direct_carried;;;;709.9;0;0;;0;1;1508
12197;1786979159289;0.0;70;50.1;0.0;0.0;0.0;1509_direct;;;;709.9;0;0;;0;1;1509
12396;1786979159488;0.0;70;50.1;0.0;0.0;0.0;1509_direct_carried;;;;709.9;0;0;;0;1;150A
12609;1786979159701;0.0;70;50.1;0.0;0.0;0.0;1509_direct_carried;;;;709.9;0;0;;0;1;150B
12810;1786979159902;0.0;70;50.1;0.0;0.0;0.0;1509_direct_carried;;;;709.9;0;0;;0;1;150D
13858;1786979160950;0.0;70;50.1;0.0;0.0;0.0;1509_direct_carried;;;;709.9;0;0;;0;1;1502
14276;1786979161368;0.0;70;50.1;0.0;0.0;0.0;1509_direct_carried;;;;709.9;0;0;;0;1;1505
14477;1786979161569;0.0;70;50.1;0.0;0.0;0.0;1509_direct_carried;;;;709.9;0;0;;0;1;1506
14910;1786979162002;0.0;70;50.1;0.0;0.0;0.0;1509_direct_carried;;;;709.9;0;0;;0;1;1508
15108;1786979162200;0.0;70;50.1;0.0;0.0;0.0;1509_direct;;;;709.9;0;0;;0;1;1509
15321;1786979162413;0.0;70;50.1;0.0;0.0;0.0;1509_direct_carried;;;;709.9;0;0;;0;1;150A
15527;1786979162619;0.0;70;50.1;0.0;0.0;0.0;1509_direct_carried;;;;709.9;0;0;;0;1;150B
15739;1786979162831;0.0;70;50.1;0.0;0.0;0.0;1509_direct_carried;;;;709.9;0;0;;0;1;150D
16774;1786979163866;0.0;70;50.1;0.0;0.0;0.0;1509_direct_carried;;;;709.9;0;0;;0;1;1502
17190;1786979164282;0.0;70;50.1;0.0;0.0;0.0;1509_direct_carried;;;;709.9;0;0;;0;1;1505
17405;1786979164497;0.0;70;50.1;0.0;0.0;0.0;1509_direct_carried;;;;709.9;0;0;;0;1;1506
17821;1786979164913;0.0;70;50.1;0.0;0.0;0.0;1509_direct_carried;;;;709.9;0;0;;0;1;1508
18021;1786979165113;0.0;70;50.1;0.0;0.0;0.0;1509_direct;;;;709.9;0;0;;0;1;1509
18234;1786979165326;0.0;70;50.1;0.0;0.0;0.0;1509_direct_carried;;;;709.9;0;0;;0;1;150A
18451;1786979165543;0.0;70;50.1;0.0;0.0;0.0;1509_direct_carried;;;;709.9;0;0;;0;1;150B
18652;1786979165744;0.0;70;50.1;0.0;0.0;0.0;1509_direct_carried;;;;709.9;0;0;;0;1;150D
19696;1786979166788;0.0;70;50.1;0.0;0.0;0.0;1509_direct_carried;;;;709.9;0;0;;0;1;1502
20123;1786979167215;0.0;70;50.1;0.0;0.0;0.0;1509_direct_carried;;;;709.9;0;0;;0;1;1505
20316;1786979167408;0.0;70;50.1;0.0;0.0;0.0;1509_direct_carried;;;;709.9;0;0;;0;1;1506
20732;1786979167824;0.0;70;50.1;0.0;0.0;0.0;1509_direct_carried;;;;709.9;0;0;;0;1;1508
20946;1786979168038;0.0;70;50.1;0.0;0.0;0.0;1509_direct;;;;709.9;0;0;;0;1;1509
21158;1786979168250;0.0;70;50.1;0.0;0.0;0.0;1509_direct_carried;;;;709.9;0;0;;0;1;150A
21363;1786979168455;0.0;70;50.1;0.0;0.0;0.0;1509_direct_carried;;;;709.9;0;0;;0;1;150B
21576;1786979168668;0.0;70;50.1;0.0;0.0;0.0;1509_direct_carried;;;;709.9;0;0;;0;1;150D
22609;1786979169701;0.0;70;50.1;0.0;0.0;0.0;1509_direct_carried;;;;709.9;0;0;;0;1;1502
23036;1786979170128;0.0;70;50.1;0.0;0.0;0.0;1509_direct_carried;;;;709.9;0;0;;0;1;1505
23239;1786979170331;0.0;70;50.1;0.0;0.0;0.0;1509_direct_carried;;;;709.9;0;0;;0;1;1506
23655;1786979170747;0.0;70;50.1;0.0;0.0;0.0;1509_direct_carried;;;;709.9;0;0;;0;1;1508
23870;1786979170962;0.0;70;50.1;0.0;0.0;0.0;1509_direct;;;;709.9;0;0;;0;1;1509
24076;1786979171168;0.0;70;50.1;0.0;0.0;0.0;1509_direct_carried;;;;709.9;0;0;;0;1;150A
24288;1786979171380;0.0;70;50.1;0.0;0.0;0.0;1509_direct_carried;;;;709.9;0;0;;0;1;150B
24488;1786979171580;0.0;70;50.1;0.0;0.0;0.0;1509_direct_carried;;;;709.9;0;0;;0;1;150D
25534;1786979172626;0.0;70;50.1;0.0;0.0;0.0;1509_direct_carried;;;;709.9;0;0;;0;1;1502
25958;1786979173050;0.0;70;50.1;0.0;0.0;0.0;1509_direct_carried;;;;709.9;0;0;;0;1;1505
26158;1786979173250;0.0;70;50.1;0.0;0.0;0.0;1509_direct_carried;;;;709.9;0;0;;0;1;1506
26571;1786979173663;0.0;70;50.1;0.0;0.0;0.0;1509_direct_carried;;;;709.9;0;0;;0;1;1508
26784;1786979173876;0.0;70;50.1;0.0;0.0;0.0;1509_direct;;;;709.9;0;0;;0;1;1509
26998;1786979174090;0.0;70;50.1;0.0;0.0;0.0;1509_direct_carried;;;;709.9;0;0;;0;1;150A
27200;1786979174292;0.0;70;50.1;0.0;0.0;0.0;1509_direct_carried;;;;709.9;0;0;;0;1;150B
27418;1786979174510;0.0;70;50.1;0.0;0.0;0.0;1509_direct_carried;;;;709.9;0;0;;0;1;150D
28448;1786979175540;0.0;70;50.1;0.0;0.0;0.0;1509_direct_carried;;;;709.9;0;0;;0;1;1502
28866;1786979175958;0.0;70;50.1;0.0;0.0;0.0;1509_direct_carried;;;;709.9;0;0;;0;1;1505
29079;1786979176171;0.0;70;50.1;0.0;0.0;0.0;1509_direct_carried;;;;709.9;0;0;;0;1;1506
29495;1786979176587;0.0;70;50.1;0.0;0.0;0.0;1509_direct_carried;;;;709.9;0;0;;0;1;1508
29699;1786979176791;0.0;70;50.1;0.0;0.0;0.0;1509_direct;;;;709.9;0;0;;0;1;1509
29912;1786979177004;0.0;70;50.1;0.0;0.0;0.0;1509_direct_carried;;;;709.9;0;0;;0;1;150A
30125;1786979177217;0.0;70;50.1;0.0;0.0;0.0;1509_direct_carried;;;;709.9;0;0;;0;1;150B
30552;1786979177644;0.0;70;50.1;0.0;0.0;0.0;1509_direct_carried;;;;709.9;0;0;;0;1;150D
31577;1786979178669;0.0;70;50.1;0.0;0.0;0.0;1509_direct_carried;;;;709.9;0;0;;0;1;1502
31992;1786979179084;0.0;70;50.1;0.0;0.0;0.0;1509_direct_carried;;;;709.9;0;0;;0;1;1505
32207;1786979179299;0.0;70;50.1;0.0;0.0;0.0;1509_direct_carried;;;;709.9;0;0;;0;1;1506
32622;1786979179714;0.0;70;50.1;0.0;0.0;0.0;1509_direct_carried;;;;709.9;0;0;;0;1;1508
32824;1786979179916;0.0;70;50.1;0.0;0.0;0.0;1509_direct;;;;709.9;0;0;;0;1;1509
33039;1786979180131;0.0;70;50.1;0.0;0.0;0.0;1509_direct_carried;;;;709.9;0;0;;0;1;150A
33252;1786979180344;0.0;70;50.1;0.0;0.0;0.0;1509_direct_carried;;;;709.9;0;0;;0;1;150B
33465;1786979180557;0.0;70;50.1;0.0;0.0;0.0;1509_direct_carried;;;;709.9;0;0;;0;1;150D
34502;1786979181594;0.0;70;50.1;0.0;0.0;0.0;1509_direct_carried;;;;709.9;0;0;;0;1;1502
34919;1786979182011;0.0;70;50.1;0.0;0.0;0.0;1509_direct_carried;;;;709.9;0;0;;0;1;1505
35122;1786979182214;0.0;70;50.1;0.0;0.0;0.0;1509_direct_carried;;;;709.9;0;0;;0;1;1506
35537;1786979182629;0.0;70;50.1;0.0;0.0;0.0;1509_direct_carried;;;;709.9;0;0;;0;1;1508
35754;1786979182846;0.0;70;50.1;0.0;0.0;0.0;1509_direct;;;;709.9;0;0;;0;1;1509
35967;1786979183059;0.0;70;50.1;0.0;0.0;0.0;1509_direct_carried;;;;709.9;0;0;;0;1;150A
36170;1786979183262;0.0;70;50.1;0.0;0.0;0.0;1509_direct_carried;;;;709.9;0;0;;0;1;150B
36382;1786979183474;0.0;70;50.1;0.0;0.0;0.0;1509_direct_carried;;;;709.9;0;0;;0;1;150D
37419;1786979184511;0.0;70;50.1;0.0;0.0;0.0;1509_direct_carried;;;;709.9;0;0;;0;1;1502
37833;1786979184925;0.0;70;50.1;0.0;0.0;0.0;1509_direct_carried;;;;709.9;0;0;;0;1;1505
38047;1786979185139;0.0;70;50.1;0.0;0.0;0.0;1509_direct_carried;;;;709.9;0;0;;0;1;1506
38470;1786979185562;0.0;70;50.1;0.0;0.0;0.0;1509_direct_carried;;;;709.9;0;0;;0;1;1508
38665;1786979185757;0.0;70;50.1;0.0;0.0;0.0;1509_direct;;;;709.9;0;0;;0;1;1509
38880;1786979185972;0.0;70;50.1;0.0;0.0;0.0;1509_direct_carried;;;;709.9;0;0;;0;1;150A
39090;1786979186182;0.0;70;50.1;0.0;0.0;0.0;1509_direct_carried;;;;709.9;0;0;;0;1;150B
39293;1786979186385;0.0;70;50.1;0.0;0.0;0.0;1509_direct_carried;;;;709.9;0;0;;0;1;150D
40352;1786979187444;0.0;70;50.1;0.0;0.0;0.0;1509_direct_carried;;;;709.9;0;0;;0;1;1502
40757;1786979187849;0.0;70;50.1;0.0;0.0;0.0;1509_direct_carried;;;;709.9;0;0;;0;1;1505
40960;1786979188052;0.0;70;50.1;0.0;0.0;0.0;1509_direct_carried;;;;709.9;0;0;;0;1;1506
41380;1786979188472;0.0;70;50.1;0.0;0.0;0.0;1509_direct_carried;;;;709.9;0;0;;0;1;1508
41593;1786979188685;0.0;70;50.1;0.0;0.0;0.0;1509_direct;;;;709.9;0;0;;0;1;1509
41795;1786979188887;0.0;70;50.1;0.0;0.0;0.0;1509_direct_carried;;;;709.9;0;0;;0;1;150A
42019;1786979189111;0.0;70;50.1;0.0;0.0;0.0;1509_direct_carried;;;;709.9;0;0;;0;1;150B
42222;1786979189314;0.0;70;50.1;0.0;0.0;0.0;1509_direct_carried;;;;709.9;0;0;;0;1;150D
43254;1786979190346;0.0;70;50.1;0.0;0.0;0.0;1509_direct_carried;;;;709.9;0;0;;0;1;1502
43671;1786979190763;0.0;70;50.1;0.0;0.0;0.0;1509_direct_carried;;;;709.9;0;0;;0;1;1505
43885;1786979190977;0.0;70;50.1;0.0;0.0;0.0;1509_direct_carried;;;;709.9;0;0;;0;1;1506
44301;1786979191393;0.0;70;50.1;0.0;0.0;0.0;1509_direct_carried;;;;709.9;0;0;;0;1;1508
44504;1786979191596;0.0;70;50.1;0.0;0.0;0.0;1509_direct;;;;709.9;0;0;;0;1;1509
44719;1786979191811;0.0;70;50.1;0.0;0.0;0.0;1509_direct_carried;;;;709.9;0;0;;0;1;150A
44929;1786979192021;0.0;70;50.1;0.0;0.0;0.0;1509_direct_carried;;;;709.9;0;0;;0;1;150B
45134;1786979192226;0.0;70;50.1;0.0;0.0;0.0;1509_direct_carried;;;;709.9;0;0;;0;1;150D
46182;1786979193274;0.0;70;50.1;0.0;0.0;0.0;1509_direct_carried;;;;709.9;0;0;;0;1;1502
46599;1786979193691;0.0;70;50.1;0.0;0.0;0.0;1509_direct_carried;;;;709.9;0;0;;0;1;1505
46801;1786979193893;0.0;70;50.1;0.0;0.0;0.0;1509_direct_carried;;;;709.9;0;0;;0;1;1506
47218;1786979194310;0.0;70;50.1;0.0;0.0;0.0;1509_direct_carried;;;;709.9;0;0;;0;1;1508
47432;1786979194524;0.0;70;50.1;0.0;0.0;0.0;1509_direct;;;;709.9;0;0;;0;1;1509
47646;1786979194738;0.0;70;50.1;0.0;0.0;0.0;1509_direct_carried;;;;709.9;0;0;;0;1;150A
47847;1786979194939;0.0;70;50.1;0.0;0.0;0.0;1509_direct_carried;;;;709.9;0;0;;0;1;150B
48061;1786979195153;0.0;70;50.1;0.0;0.0;0.0;1509_direct_carried;;;;709.9;0;0;;0;1;150D
49096;1786979196188;0.0;70;50.1;0.0;0.0;0.0;1509_direct_carried;;;;709.9;0;0;;0;1;1502
49511;1786979196603;0.0;70;50.1;0.0;0.0;0.0;1509_direct_carried;;;;709.9;0;0;;0;1;1505
49728;1786979196820;0.0;70;50.1;0.0;0.0;0.0;1509_direct_carried;;;;709.9;0;0;;0;1;1506
50143;1786979197235;0.0;70;50.1;0.0;0.0;0.0;1509_direct_carried;;;;709.9;0;0;;0;1;1508
50355;1786979197447;0.0;70;50.1;0.0;0.0;0.0;1509_direct;;;;709.9;0;0;;0;1;1509
50558;1786979197650;0.0;70;50.1;0.0;0.0;0.0;1509_direct_carried;;;;709.9;0;0;;0;1;150A
50771;1786979197863;0.0;70;50.1;0.0;0.0;0.0;1509_direct_carried;;;;709.9;0;0;;0;1;150B
50973;1786979198065;0.0;70;50.1;0.0;0.0;0.0;1509_direct_carried;;;;709.9;0;0;;0;1;150D
52023;1786979199115;0.0;70;50.1;0.0;0.0;0.0;1509_direct_carried;;;;709.9;0;0;;0;1;1502
52435;1786979199527;0.3;70;50.1;0.0;0.0;0.0;1509_direct_carried;;;;709.9;3;0;;0;1;1505
52638;1786979199730;0.3;70;50.1;0.0;0.0;0.0;1509_direct_carried;;;;709.9;3;0;;0;1;1506
53066;1786979200158;0.3;70;50.1;0.0;0.0;0.0;1509_direct_carried;;;;709.9;3;0;;0;1;1508
53268;1786979200360;0.3;70;50.1;0.0;0.0;0.0;1509_direct;;;;709.9;3;0;;0;1;1509
53482;1786979200574;0.3;70;50.1;0.0;0.0;0.0;1509_direct_carried;;;;709.9;3;0;;0;1;150A
53684;1786979200776;0.3;70;50.1;0.0;0.0;0.0;1509_direct_carried;;;;709.9;3;0;;0;1;150B
53899;1786979200991;0.3;70;50.1;0.0;0.0;0.0;1509_direct_carried;;;;709.9;3;0;;0;1;150D
54936;1786979202028;0.3;70;50.1;0.0;0.0;0.0;1509_direct_carried;;;;709.9;3;0;;0;1;1502
55351;1786979202443;0.3;70;50.1;0.0;0.0;0.0;1509_direct_carried;;;;709.9;3;0;;0;1;1505
55567;1786979202659;0.3;70;50.1;0.0;0.0;0.0;1509_direct_carried;;;;709.9;3;0;;0;1;1506
55977;1786979203069;0.3;70;50.1;0.0;0.0;0.0;1509_direct_carried;;;;709.9;3;0;;0;1;1508
56195;1786979203287;0.3;70;50.1;0.0;0.0;0.0;1509_direct;;;;709.9;3;0;;0;1;1509
56397;1786979203489;0.3;70;50.1;0.0;0.0;0.0;1509_direct_carried;;;;709.9;3;0;;0;1;150A
56612;1786979203704;0.3;70;50.1;0.0;0.0;0.0;1509_direct_carried;;;;709.9;3;0;;0;1;150B
56815;1786979203907;0.3;70;50.1;0.0;0.0;0.0;1509_direct_carried;;;;709.9;3;0;;0;1;150D
57861;1786979204953;0.3;70;50.1;0.0;0.0;0.0;1509_direct_carried;;;;709.9;3;0;;0;1;1502
58278;1786979205370;1.4;70;50.1;0.0;0.0;0.0;1509_direct_carried;;;;709.9;14;0;;0;1;1505
58479;1786979205571;1.4;70;50.1;0.0;0.0;0.0;1509_direct_carried;;;;709.9;14;0;;0;1;1506
58908;1786979206000;1.4;70;50.1;0.0;0.0;0.0;1509_direct_carried;;;;709.9;14;0;;0;1;1508
59109;1786979206201;1.4;70;50.1;0.0;0.0;0.0;1509_direct;;;;709.9;14;0;;0;1;1509
59322;1786979206414;1.4;70;50.1;0.0;0.0;0.0;1509_direct_carried;;;;709.9;14;0;;0;1;150A
59524;1786979206616;1.4;70;50.1;0.0;0.0;0.0;1509_direct_carried;;;;709.9;14;0;;0;1;150B
59740;1786979206832;1.4;70;50.1;0.0;0.0;0.0;1509_direct_carried;;;;709.9;14;0;;0;1;150D
60771;1786979207863;1.4;70;50.1;0.0;0.0;0.0;1509_direct_carried;;;;709.9;14;0;;0;1;1502
61191;1786979208283;0.0;70;50.1;0.0;0.0;0.0;1509_direct_carried;;;;709.9;0;0;;0;1;1505
61405;1786979208497;0.0;70;50.1;0.0;0.0;0.0;1509_direct_carried;;;;709.9;0;0;;0;1;1506
61820;1786979208912;0.0;70;50.1;0.0;0.0;0.0;1509_direct_carried;;;;709.9;0;0;;0;1;1508
62035;1786979209127;0.0;70;50.1;0.0;0.0;0.0;1509_direct;;;;709.9;0;0;;0;1;1509
62236;1786979209328;0.0;70;50.1;0.0;0.0;0.0;1509_direct_carried;;;;709.9;0;0;;0;1;150A
62448;1786979209540;0.0;70;50.1;0.0;0.0;0.0;1509_direct_carried;;;;709.9;0;0;;0;1;150B
62655;1786979209747;0.0;70;50.1;0.0;0.0;0.0;1509_direct_carried;;;;709.9;0;0;;0;1;150D
63697;1786979210789;0.0;70;50.1;0.0;0.0;0.0;1509_direct_carried;;;;709.9;0;0;;0;1;1502
64113;1786979211205;0.9;70;50.1;0.0;0.0;0.0;1509_direct_carried;;;;709.9;9;0;;0;1;1505
64318;1786979211410;0.9;70;50.1;0.0;0.0;0.0;1509_direct_carried;;;;709.9;9;0;;0;1;1506
64733;1786979211825;0.9;70;50.1;0.0;0.0;0.0;1509_direct_carried;;;;709.9;9;0;;0;1;1508
64948;1786979212040;0.9;70;50.1;0.0;0.0;0.0;1509_direct;;;;709.9;9;0;;0;1;1509
65150;1786979212242;0.9;70;50.1;0.0;0.0;0.0;1509_direct_carried;;;;709.9;9;0;;0;1;150A
65365;1786979212457;0.9;70;50.1;0.0;0.0;0.0;1509_direct_carried;;;;709.9;9;0;;0;1;150B
65579;1786979212671;0.9;70;50.1;0.0;0.0;0.0;1509_direct_carried;;;;709.9;9;0;;0;1;150D
66611;1786979213703;0.9;70;50.1;0.0;0.0;0.0;1509_direct_carried;;;;709.9;9;0;;0;1;1502
67027;1786979214119;2.0;70;50.1;0.0;0.0;0.0;1509_direct_carried;;;;709.9;20;0;;0;1;1505
67240;1786979214332;2.0;70;50.1;0.0;0.0;0.0;1509_direct_carried;;;;709.9;20;0;;0;1;1506
67668;1786979214760;2.0;70;50.1;0.0;0.0;0.0;1509_direct_carried;;;;709.9;20;0;;0;1;1508
67858;1786979214950;2.0;70;50.1;0.0;0.0;0.0;1509_direct;;;;709.9;20;0;;0;1;1509
68071;1786979215163;2.0;70;50.1;0.0;0.0;0.0;1509_direct_carried;;;;709.9;20;0;;0;1;150A
68285;1786979215377;2.0;70;50.1;0.0;0.0;0.0;1509_direct_carried;;;;709.9;20;0;;0;1;150B
68487;1786979215579;2.0;70;50.1;0.0;0.0;0.0;1509_direct_carried;;;;709.9;20;0;;0;1;150D
69534;1786979216626;2.0;70;50.1;0.0;0.0;0.0;1509_direct_carried;;;;709.9;20;0;;0;1;1502
69950;1786979217042;0.3;70;50.1;0.0;0.0;0.0;1509_direct_carried;;;;709.9;3;0;;0;1;1505
70152;1786979217244;0.3;70;50.1;0.0;0.0;0.0;1509_direct_carried;;;;709.9;3;0;;0;1;1506
70571;1786979217663;0.3;70;50.1;0.0;0.0;0.0;1509_direct_carried;;;;709.9;3;0;;0;1;1508
70786;1786979217878;0.3;70;50.1;0.0;0.0;0.0;1509_direct;;;;709.9;3;0;;0;1;1509
70990;1786979218082;0.3;70;50.1;0.0;0.0;0.0;1509_direct_carried;;;;709.9;3;0;;0;1;150A
71202;1786979218294;0.3;70;50.1;0.0;0.0;0.0;1509_direct_carried;;;;709.9;3;0;;0;1;150B
71417;1786979218509;0.3;70;50.1;0.0;0.0;0.0;1509_direct_carried;;;;709.9;3;0;;0;1;150D
72450;1786979219542;0.3;70;50.1;0.0;0.0;0.0;1509_direct_carried;;;;709.9;3;0;;0;1;1502
72867;1786979219959;0.0;70;50.1;0.0;0.0;0.0;1509_direct_carried;;;;709.9;0;0;;0;1;1505
73079;1786979220171;0.0;70;50.1;0.0;0.0;0.0;1509_direct_carried;;;;709.9;0;0;;0;1;1506
73497;1786979220589;0.0;70;50.1;0.0;0.0;0.0;1509_direct_carried;;;;709.9;0;0;;0;1;1508
73699;1786979220791;0.0;70;50.1;0.0;0.0;0.0;1509_direct;;;;709.9;0;0;;0;1;1509
73912;1786979221004;0.0;70;50.1;0.0;0.0;0.0;1509_direct_carried;;;;709.9;0;0;;0;1;150A
74127;1786979221219;0.0;70;50.1;0.0;0.0;0.0;1509_direct_carried;;;;709.9;0;0;;0;1;150B
74329;1786979221421;0.0;70;50.1;0.0;0.0;0.0;1509_direct_carried;;;;709.9;0;0;;0;1;150D
75375;1786979222467;0.0;70;50.1;0.0;0.0;0.0;1509_direct_carried;;;;709.9;0;0;;0;1;1502
75788;1786979222880;0.0;70;50.1;0.0;0.0;0.0;1509_direct_carried;;;;709.9;0;0;;0;1;1505
75991;1786979223083;0.0;70;50.1;0.0;0.0;0.0;1509_direct_carried;;;;709.9;0;0;;0;1;1506
76421;1786979223513;0.0;70;50.1;0.0;0.0;0.0;1509_direct_carried;;;;709.9;0;0;;0;1;1508
76621;1786979223713;0.0;70;50.1;0.0;0.0;0.0;1509_direct;;;;709.9;0;0;;0;1;1509
76848;1786979223940;0.0;70;50.1;0.0;0.0;0.0;1509_direct_carried;;;;709.9;0;0;;0;1;150A
77040;1786979224132;0.0;70;50.1;0.0;0.0;0.0;1509_direct_carried;;;;709.9;0;0;;0;1;150B
77252;1786979224344;0.0;70;50.1;0.0;0.0;0.0;1509_direct_carried;;;;709.9;0;0;;0;1;150D
78290;1786979225382;0.0;70;50.1;0.0;0.0;0.0;1509_direct_carried;;;;709.9;0;0;;0;1;1502
78705;1786979225797;0.0;70;50.1;0.0;0.0;0.0;1509_direct_carried;;;;709.9;0;0;;0;1;1505
78916;1786979226008;0.0;70;50.1;0.0;0.0;0.0;1509_direct_carried;;;;709.9;0;0;;0;1;1506
79334;1786979226426;0.0;70;50.1;0.0;0.0;0.0;1509_direct_carried;;;;709.9;0;0;;0;1;1508
79547;1786979226639;0.0;70;50.1;0.0;0.0;0.0;1509_direct;;;;709.9;0;0;;0;1;1509
79752;1786979226844;0.0;70;50.1;0.0;0.0;0.0;1509_direct_carried;;;;709.9;0;0;;0;1;150A
79967;1786979227059;0.0;70;50.1;0.0;0.0;0.0;1509_direct_carried;;;;709.9;0;0;;0;1;150B
80168;1786979227260;0.0;70;50.1;0.0;0.0;0.0;1509_direct_carried;;;;709.9;0;0;;0;1;150D
81214;1786979228306;0.0;70;50.1;0.0;0.0;0.0;1509_direct_carried;;;;709.9;0;0;;0;1;1502
81631;1786979228723;0.0;70;50.1;0.0;0.0;0.0;1509_direct_carried;;;;709.9;0;0;;0;1;1505
81834;1786979228926;0.0;70;50.1;0.0;0.0;0.0;1509_direct_carried;;;;709.9;0;0;;0;1;1506
82263;1786979229355;0.0;70;50.1;0.0;0.0;0.0;1509_direct_carried;;;;709.9;0;0;;0;1;1508
82476;1786979229568;0.0;70;50.1;0.0;0.0;0.0;1509_direct;;;;709.9;0;0;;0;1;1509
82676;1786979229768;0.0;70;50.1;0.0;0.0;0.0;1509_direct_carried;;;;709.9;0;0;;0;1;150A
82879;1786979229971;0.0;70;50.1;0.0;0.0;0.0;1509_direct_carried;;;;709.9;0;0;;0;1;150B
83092;1786979230184;0.0;70;50.1;0.0;0.0;0.0;1509_direct_carried;;;;709.9;0;0;;0;1;150D
84125;1786979231217;0.0;70;50.1;0.0;0.0;0.0;1509_direct_carried;;;;709.9;0;0;;0;1;1502
84542;1786979231634;0.0;70;50.1;0.0;0.0;0.0;1509_direct_carried;;;;709.9;0;0;;0;1;1505
84759;1786979231851;0.0;70;50.1;0.0;0.0;0.0;1509_direct_carried;;;;709.9;0;0;;0;1;1506
85184;1786979232276;0.0;70;50.1;0.0;0.0;0.0;1509_direct_carried;;;;709.9;0;0;;0;1;1508
85390;1786979232482;0.0;70;50.1;0.0;0.0;0.0;1509_direct;;;;709.9;0;0;;0;1;1509
85592;1786979232684;0.0;70;50.1;0.0;0.0;0.0;1509_direct_carried;;;;709.9;0;0;;0;1;150A
85806;1786979232898;0.0;70;50.1;0.0;0.0;0.0;1509_direct_carried;;;;709.9;0;0;;0;1;150B
86007;1786979233099;0.0;70;50.1;0.0;0.0;0.0;1509_direct_carried;;;;709.9;0;0;;0;1;150D
87053;1786979234145;0.0;70;50.1;0.0;0.0;0.0;1509_direct_carried;;;;709.9;0;0;;0;1;1502
87468;1786979234560;8.8;70;50.1;0.0;0.0;0.0;1509_direct_carried;;;;709.9;88;0;;0;1;1505
87682;1786979234774;8.8;70;50.1;0.0;0.0;0.0;1509_direct_carried;;;;709.9;88;0;;0;1;1506
88098;1786979235190;8.8;70;50.1;0.0;0.0;0.0;1509_direct_carried;;;;709.9;88;0;;0;1;1508
88300;1786979235392;8.8;70;50.0;0.0;0.0;0.0;1509_direct;;;;709.9;88;0;;0;1;1509
88516;1786979235608;8.8;70;50.0;0.0;0.0;0.0;1509_direct_carried;;;;709.9;88;0;;0;1;150A
88718;1786979235810;8.8;70;50.0;0.0;0.0;0.0;1509_direct_carried;;;;709.9;88;0;;0;1;150B
88931;1786979236023;8.8;70;50.0;0.0;0.0;0.0;1509_direct_carried;;;;709.9;88;0;;0;1;150D
89966;1786979237058;8.8;70;50.0;0.0;0.0;0.0;1509_direct_carried;;;;709.9;88;0;;0;1;1502
90396;1786979237488;4.8;70;50.0;0.0;0.0;0.0;1509_direct_carried;;;;709.9;48;0;;0;1;1505
90597;1786979237689;4.8;70;50.0;0.0;0.0;0.0;1509_direct_carried;;;;709.9;48;0;;0;1;1506
91013;1786979238105;4.8;70;50.0;0.0;0.0;0.0;1509_direct_carried;;;;709.9;48;0;;0;1;1508
91228;1786979238320;4.8;70;50.1;0.0;0.0;0.0;1509_direct;;;;709.9;48;0;;0;1;1509
91431;1786979238523;4.8;70;50.1;0.0;0.0;0.0;1509_direct_carried;;;;709.9;48;0;;0;1;150A
91643;1786979238735;4.8;70;50.1;0.0;0.0;0.0;1509_direct_carried;;;;709.9;48;0;;0;1;150B
91847;1786979238939;4.8;70;50.1;0.0;0.0;0.0;1509_direct_carried;;;;709.9;48;0;;0;1;150D
92894;1786979239986;4.8;70;50.1;0.0;0.0;0.0;1509_direct_carried;;;;709.9;48;0;;0;1;1502
93305;1786979240397;3.9;70;50.1;0.0;0.0;0.0;1509_direct_carried;;;;709.9;39;0;;0;1;1505
93522;1786979240614;3.9;70;50.1;0.0;0.0;0.0;1509_direct_carried;;;;709.9;39;0;;0;1;1506
93939;1786979241031;3.9;70;50.1;0.0;0.0;0.0;1509_direct_carried;;;;709.9;39;0;;0;1;1508
94143;1786979241235;3.9;70;50.1;0.0;0.0;0.0;1509_direct;;;;709.9;39;0;;0;1;1509
94355;1786979241447;3.9;70;50.1;0.0;0.0;0.0;1509_direct_carried;;;;709.9;39;0;;0;1;150A
94559;1786979241651;3.9;70;50.1;0.0;0.0;0.0;1509_direct_carried;;;;709.9;39;0;;0;1;150B
94772;1786979241864;3.9;70;50.1;0.0;0.0;0.0;1509_direct_carried;;;;709.9;39;0;;0;1;150D
95819;1786979242911;3.9;70;50.1;0.0;0.0;0.0;1509_direct_carried;;;;709.9;39;0;;0;1;1502
96236;1786979243328;0.0;70;50.1;0.0;0.0;0.0;1509_direct_carried;;;;709.9;0;0;;0;1;1505
96438;1786979243530;0.0;70;50.1;0.0;0.0;0.0;1509_direct_carried;;;;709.9;0;0;;0;1;1506
96853;1786979243945;0.0;70;50.1;0.0;0.0;0.0;1509_direct_carried;;;;709.9;0;0;;0;1;1508
97068;1786979244160;0.0;70;50.0;0.0;0.0;0.0;1509_direct;;;;709.9;0;0;;0;1;1509
97270;1786979244362;0.0;70;50.0;0.0;0.0;0.0;1509_direct_carried;;;;709.9;0;0;;0;1;150A
97481;1786979244573;0.0;70;50.0;0.0;0.0;0.0;1509_direct_carried;;;;709.9;0;0;;0;1;150B
97683;1786979244775;0.0;70;50.0;0.0;0.0;0.0;1509_direct_carried;;;;709.9;0;0;;0;1;150D
98729;1786979245821;0.0;70;50.0;0.0;0.0;0.0;1509_direct_carried;;;;709.9;0;0;;0;1;1502
99145;1786979246237;0.0;70;50.0;0.0;0.0;0.0;1509_direct_carried;;;;709.9;0;0;;0;1;1505
99359;1786979246451;0.0;70;50.0;0.0;0.0;0.0;1509_direct_carried;;;;709.9;0;0;;0;1;1506
99779;1786979246871;0.0;70;50.0;0.0;0.0;0.0;1509_direct_carried;;;;709.9;0;0;;0;1;1508
99981;1786979247073;0.0;70;50.0;0.0;0.0;0.0;1509_direct;;;;709.9;0;0;;0;1;1509
100195;1786979247287;0.0;70;50.0;0.0;0.0;0.0;1509_direct_carried;;;;709.9;0;0;;0;1;150A
100397;1786979247489;0.0;70;50.0;0.0;0.0;0.0;1509_direct_carried;;;;709.9;0;0;;0;1;150B
100609;1786979247701;0.0;70;50.0;0.0;0.0;0.0;1509_direct_carried;;;;709.9;0;0;;0;1;150D
101654;1786979248746;0.0;70;50.0;0.0;0.0;0.0;1509_direct_carried;;;;709.9;0;0;;0;1;1502
102072;1786979249164;0.0;70;50.0;0.0;0.0;0.0;1509_direct_carried;;;;709.9;0;0;;0;1;1505
102273;1786979249365;0.0;70;50.0;0.0;0.0;0.0;1509_direct_carried;;;;709.9;0;0;;0;1;1506
102688;1786979249780;0.0;70;50.0;0.0;0.0;0.0;1509_direct_carried;;;;709.9;0;0;;0;1;1508
102905;1786979249997;0.0;70;50.1;0.0;0.0;0.0;1509_direct;;;;709.9;0;0;;0;1;1509
103109;1786979250201;0.0;70;50.1;0.0;0.0;0.0;1509_direct_carried;;;;709.9;0;0;;0;1;150A
103323;1786979250415;0.0;70;50.1;0.0;0.0;0.0;1509_direct_carried;;;;709.9;0;0;;0;1;150B
103526;1786979250618;0.0;70;50.1;0.0;0.0;0.0;1509_direct_carried;;;;709.9;0;0;;0;1;150D
104572;1786979251664;0.0;70;50.1;0.0;0.0;0.0;1509_direct_carried;;;;709.9;0;0;;0;1;1502
104988;1786979252080;0.0;70;50.1;0.0;0.0;0.0;1509_direct_carried;;;;709.9;0;0;;0;1;1505
105202;1786979252294;0.0;70;50.1;0.0;0.0;0.0;1509_direct_carried;;;;709.9;0;0;;0;1;1506
105616;1786979252708;0.0;70;50.1;0.0;0.0;0.0;1509_direct_carried;;;;709.9;0;0;;0;1;1508
105820;1786979252912;0.0;70;50.1;0.0;0.0;0.0;1509_direct;;;;709.9;0;0;;0;1;1509
106034;1786979253126;0.0;70;50.1;0.0;0.0;0.0;1509_direct_carried;;;;709.9;0;0;;0;1;150A
106236;1786979253328;0.0;70;50.1;0.0;0.0;0.0;1509_direct_carried;;;;709.9;0;0;;0;1;150B
106451;1786979253543;0.0;70;50.1;0.0;0.0;0.0;1509_direct_carried;;;;709.9;0;0;;0;1;150D
107497;1786979254589;0.0;70;50.1;0.0;0.0;0.0;1509_direct_carried;;;;709.9;0;0;;0;1;1502
107912;1786979255004;0.0;70;50.1;0.0;0.0;0.0;1509_direct_carried;;;;709.9;0;0;;0;1;1505
108115;1786979255207;0.0;70;50.1;0.0;0.0;0.0;1509_direct_carried;;;;709.9;0;0;;0;1;1506
108531;1786979255623;0.0;70;50.1;0.0;0.0;0.0;1509_direct_carried;;;;709.9;0;0;;0;2;1508
108746;1786979255838;0.0;70;50.1;0.0;0.0;0.0;1509_direct;;;;709.9;0;0;;0;2;1509
108945;1786979256037;0.0;70;50.1;0.0;0.0;0.0;1509_direct_carried;;;;709.9;0;0;;0;2;150A
109157;1786979256249;0.0;70;50.1;0.0;0.0;0.0;1509_direct_carried;;;;709.9;0;0;;0;2;150B
109363;1786979256455;0.0;70;50.1;0.0;0.0;0.0;1509_direct_carried;;;;709.9;0;0;;0;2;150D
110410;1786979257502;0.0;70;50.1;0.0;0.0;0.0;1509_direct_carried;;;;709.9;0;0;;0;2;1502
110826;1786979257918;0.0;70;50.1;0.0;0.0;0.0;1509_direct_carried;;;;709.9;0;0;;0;2;1505
111040;1786979258132;0.0;70;50.1;0.0;0.0;0.0;1509_direct_carried;;;;709.9;0;0;;0;2;1506
111457;1786979258549;0.0;70;50.1;0.0;0.0;0.0;1509_direct_carried;;;;709.9;0;0;;0;2;1508
111660;1786979258752;0.0;70;50.1;0.0;0.0;0.0;1509_direct;;;;709.9;0;0;;0;2;1509
111873;1786979258965;0.0;70;50.1;0.0;0.0;0.0;1509_direct_carried;;;;709.9;0;0;;0;2;150A
112074;1786979259166;0.0;70;50.1;0.0;0.0;0.0;1509_direct_carried;;;;709.9;0;0;;0;2;150B
112288;1786979259380;0.0;70;50.1;0.0;0.0;0.0;1509_direct_carried;;;;709.9;0;0;;0;2;150D
113333;1786979260425;0.0;70;50.1;0.0;0.0;0.0;1509_direct_carried;;;;709.9;0;0;;0;2;1502
113748;1786979260840;1.2;70;50.1;0.0;0.0;0.0;1509_direct_carried;;;;709.9;12;0;;0;2;1505
113952;1786979261044;1.2;70;50.1;0.0;0.0;0.0;1509_direct_carried;;;;709.9;12;0;;0;2;1506
114369;1786979261461;1.2;70;50.1;0.0;0.0;0.0;1509_direct_carried;;;;709.9;12;0;;0;2;1508
114580;1786979261672;1.2;70;50.0;0.0;0.0;0.0;1509_direct;;;;709.9;12;0;;0;2;1509
114785;1786979261877;1.2;70;50.0;0.0;0.0;0.0;1509_direct_carried;;;;709.9;12;0;;0;2;150A
114998;1786979262090;1.2;70;50.0;0.0;0.0;0.0;1509_direct_carried;;;;709.9;12;0;;0;2;150B
115212;1786979262304;1.2;70;50.0;0.0;0.0;0.0;1509_direct_carried;;;;709.9;12;0;;0;2;150D
116247;1786979263339;1.2;70;50.0;0.0;0.0;0.0;1509_direct_carried;;;;709.9;12;0;;0;2;1502
116664;1786979263756;5.8;70;50.0;0.0;0.0;0.0;1509_direct_carried;;;;709.9;58;0;;0;2;1505
116878;1786979263970;5.8;70;50.0;0.0;0.0;0.0;1509_direct_carried;;;;709.9;58;0;;0;2;1506
117306;1786979264398;5.8;70;50.0;0.0;0.0;0.0;1509_direct_carried;;;;709.9;58;0;;0;2;1508
117497;1786979264589;5.8;70;50.3;0.0;0.0;0.0;1509_direct;;;;709.9;58;0;;0;2;1509
117711;1786979264803;5.8;70;50.3;0.0;0.0;0.0;1509_direct_carried;;;;709.9;58;0;;0;2;150A
117925;1786979265017;5.8;70;50.3;0.0;0.0;0.0;1509_direct_carried;;;;709.9;58;0;;0;2;150B
118128;1786979265220;5.8;70;50.3;0.0;0.0;0.0;1509_direct_carried;;;;709.9;58;0;;0;2;150D
119174;1786979266266;5.8;70;50.3;0.0;0.0;0.0;1509_direct_carried;;;;709.9;58;0;;0;2;1502
119588;1786979266680;0.5;70;50.3;0.0;0.0;0.0;1509_direct_carried;;;;709.9;5;0;;0;2;1505
119791;1786979266883;0.5;70;50.3;0.0;0.0;0.0;1509_direct_carried;;;;709.9;5;0;;0;2;1506
120210;1786979267302;0.5;70;50.3;0.0;0.0;0.0;1509_direct_carried;;;;709.9;5;0;;0;2;1508
120422;1786979267514;0.5;70;50.1;0.0;0.0;0.0;1509_direct;;;;709.9;5;0;;0;2;1509
120626;1786979267718;0.5;70;50.1;0.0;0.0;0.0;1509_direct_carried;;;;709.9;5;0;;0;2;150A
120839;1786979267931;0.5;70;50.1;0.0;0.0;0.0;1509_direct_carried;;;;709.9;5;0;;0;2;150B
121053;1786979268145;0.5;70;50.1;0.0;0.0;0.0;1509_direct_carried;;;;709.9;5;0;;0;2;150D
122088;1786979269180;0.5;70;50.1;0.0;0.0;0.0;1509_direct_carried;;;;709.9;5;0;;0;2;1502
122505;1786979269597;2.5;70;50.1;0.0;0.0;0.0;1509_direct_carried;;;;709.9;25;0;;0;2;1505
122715;1786979269807;2.5;70;50.1;0.0;0.0;0.0;1509_direct_carried;;;;709.9;25;0;;0;2;1506
123141;1786979270233;2.5;70;50.1;0.0;0.0;0.0;1509_direct_carried;;;;709.9;25;0;;0;2;1508
123337;1786979270429;2.5;70;49.8;0.0;0.0;0.0;1509_direct;;;;709.9;25;0;;0;2;1509
123551;1786979270643;2.5;70;49.8;0.0;0.0;0.0;1509_direct_carried;;;;709.9;25;0;;0;2;150A
123773;1786979270865;2.5;70;49.8;0.0;0.0;0.0;1509_direct_carried;;;;709.9;25;0;;0;2;150B
123964;1786979271056;2.5;70;49.8;0.0;0.0;0.0;1509_direct_carried;;;;709.9;25;0;;0;2;150D
125024;1786979272116;2.5;70;49.8;0.0;0.0;0.0;1509_direct_carried;;;;709.9;25;0;;0;2;1502
125429;1786979272521;10.8;70;49.8;0.0;0.0;0.0;1509_direct_carried;;;;709.9;108;0;;0;2;1505
125633;1786979272725;10.8;70;49.8;0.0;0.0;0.0;1509_direct_carried;;;;709.9;108;0;;0;2;1506
126048;1786979273140;10.8;70;49.8;0.0;0.0;0.0;1509_direct_carried;;;;709.9;108;0;;0;1;1508
126273;1786979273365;10.8;70;50.0;0.0;0.0;0.0;1509_direct;;;;709.9;108;0;;0;1;1509
126464;1786979273556;10.8;70;50.0;0.0;0.0;0.0;1509_direct_carried;;;;709.9;108;0;;0;1;150A
126678;1786979273770;10.8;70;50.0;0.0;0.0;0.0;1509_direct_carried;;;;709.9;108;0;;0;1;150B
126892;1786979273984;10.8;70;50.0;0.0;0.0;0.0;1509_direct_carried;;;;709.9;108;0;;0;1;150D
127925;1786979275017;10.8;70;50.0;0.0;0.0;0.0;1509_direct_carried;;;;709.9;108;0;;0;1;1502
128343;1786979275435;16.0;70;50.0;0.0;0.0;0.0;1509_direct_carried;;;;709.9;160;0;;0;1;1505
128555;1786979275647;16.0;70;50.0;0.0;0.0;0.0;1509_direct_carried;;;;709.9;160;0;;0;1;1506
128971;1786979276063;16.0;70;50.0;0.0;0.0;0.0;1509_direct_carried;;;;709.9;160;0;;0;1;1508
129175;1786979276267;16.0;70;48.4;10.0;529.0;484.0;1509_direct;;;;709.9;160;529;;0;1;1509
129389;1786979276481;16.0;70;48.4;10.0;529.0;484.0;1509_direct_carried;;;;709.9;160;529;;0;1;150A
129604;1786979276696;16.0;70;48.4;10.0;529.0;484.0;1509_direct_carried;;;;709.9;160;529;;0;1;150B
129806;1786979276898;16.0;70;48.4;10.0;529.0;484.0;1509_direct_carried;;;;709.9;160;529;;0;1;150D
130861;1786979277953;16.0;70;48.4;10.0;529.0;484.0;1509_direct_carried;;;;709.9;160;529;;0;1;1502
131267;1786979278359;19.4;70;48.4;10.0;529.0;484.0;1509_direct_carried;;;;709.9;194;529;;0;1;1505
131469;1786979278561;19.4;70;48.4;10.0;529.0;484.0;1509_direct_carried;;;;709.9;194;529;;0;1;1506
131897;1786979278989;19.4;70;48.4;10.0;529.0;484.0;1509_direct_carried;;;;709.9;194;529;;0;1;1508
132100;1786979279192;19.4;70;50.1;0.0;0.0;0.0;1509_direct;;;;709.9;194;0;;0;1;1509
132310;1786979279402;19.4;70;50.1;0.0;0.0;0.0;1509_direct_carried;;;;709.9;194;0;;0;1;150A
132517;1786979279609;19.4;70;50.1;0.0;0.0;0.0;1509_direct_carried;;;;709.9;194;0;;0;1;150B
132731;1786979279823;19.4;70;50.1;0.0;0.0;0.0;1509_direct_carried;;;;709.9;194;0;;0;1;150D
133763;1786979280855;19.4;70;50.1;0.0;0.0;0.0;1509_direct_carried;;;;709.9;194;0;;0;1;1502
134181;1786979281273;11.7;70;50.1;0.0;0.0;0.0;1509_direct_carried;;;;709.9;117;0;;0;1;1505
134395;1786979281487;11.7;70;50.1;0.0;0.0;0.0;1509_direct_carried;;;;709.9;117;0;;0;1;1506
134811;1786979281903;11.7;70;50.1;0.0;0.0;0.0;1509_direct_carried;;;;709.9;117;0;;0;2;1508
135025;1786979282117;11.7;70;50.5;0.0;0.0;0.0;1509_direct;;;;709.9;117;0;;0;2;1509
135228;1786979282320;11.7;70;50.5;0.0;0.0;0.0;1509_direct_carried;;;;709.9;117;0;;0;2;150A
135442;1786979282534;11.7;70;50.5;0.0;0.0;0.0;1509_direct_carried;;;;709.9;117;0;;0;2;150B
135643;1786979282735;11.7;70;50.5;0.0;0.0;0.0;1509_direct_carried;;;;709.9;117;0;;0;2;150D
136691;1786979283783;11.7;70;50.5;0.0;0.0;0.0;1509_direct_carried;;;;709.9;117;0;;0;2;1502
137103;1786979284195;0.8;70;50.5;0.0;0.0;0.0;1509_direct_carried;;;;709.9;8;0;;0;2;1505
137322;1786979284414;0.8;70;50.5;0.0;0.0;0.0;1509_direct_carried;;;;709.9;8;0;;0;2;1506
137747;1786979284839;0.8;70;50.5;0.0;0.0;0.0;1509_direct_carried;;;;709.9;8;0;;0;2;1508
137939;1786979285031;0.8;70;50.0;0.0;0.0;0.0;1509_direct;;;;709.9;8;0;;0;2;1509
138151;1786979285243;0.8;70;50.0;0.0;0.0;0.0;1509_direct_carried;;;;709.9;8;0;;0;2;150A
138354;1786979285446;0.8;70;50.0;0.0;0.0;0.0;1509_direct_carried;;;;709.9;8;0;;0;2;150B
138569;1786979285661;0.8;70;50.0;0.0;0.0;0.0;1509_direct_carried;;;;709.9;8;0;;0;2;150D
139602;1786979286694;0.8;70;50.0;0.0;0.0;0.0;1509_direct_carried;;;;709.9;8;0;;0;2;1502
140030;1786979287122;0.4;70;50.0;0.0;0.0;0.0;1509_direct_carried;;;;709.9;4;0;;0;2;1505
140231;1786979287323;0.4;70;50.0;0.0;0.0;0.0;1509_direct_carried;;;;709.9;4;0;;0;2;1506
140651;1786979287743;0.4;70;50.0;0.0;0.0;0.0;1509_direct_carried;;;;709.9;4;0;;0;2;1508
140867;1786979287959;0.4;70;50.0;0.0;0.0;0.0;1509_direct;;;;709.9;4;0;;0;2;1509
141064;1786979288156;0.4;70;50.0;0.0;0.0;0.0;1509_direct_carried;;;;709.9;4;0;;0;2;150A
141280;1786979288372;0.4;70;50.0;0.0;0.0;0.0;1509_direct_carried;;;;709.9;4;0;;0;2;150B
141481;1786979288573;0.4;70;50.0;0.0;0.0;0.0;1509_direct_carried;;;;709.9;4;0;;0;2;150D
142530;1786979289622;0.4;70;50.0;0.0;0.0;0.0;1509_direct_carried;;;;709.9;4;0;;0;2;1502
142942;1786979290034;0.0;70;50.0;0.0;0.0;0.0;1509_direct_carried;;;;709.9;0;0;;0;2;1505
143157;1786979290249;0.0;70;50.0;0.0;0.0;0.0;1509_direct_carried;;;;709.9;0;0;;0;2;1506
143572;1786979290664;0.0;70;50.0;0.0;0.0;0.0;1509_direct_carried;;;;709.9;0;0;;0;2;1508
143775;1786979290867;0.0;70;50.0;0.0;0.0;0.0;1509_direct;;;;709.9;0;0;;0;2;1509
143989;1786979291081;0.0;70;50.0;0.0;0.0;0.0;1509_direct_carried;;;;709.9;0;0;;0;2;150A
144192;1786979291284;0.0;70;50.0;0.0;0.0;0.0;1509_direct_carried;;;;709.9;0;0;;0;2;150B
144405;1786979291497;0.0;70;50.0;0.0;0.0;0.0;1509_direct_carried;;;;709.9;0;0;;0;2;150D
145438;1786979292530;0.0;70;50.0;0.0;0.0;0.0;1509_direct_carried;;;;709.9;0;0;;0;2;1502
145869;1786979292961;0.1;70;50.0;0.0;0.0;0.0;1509_direct_carried;;;;709.9;1;0;;0;2;1505
146070;1786979293162;0.1;70;50.0;0.0;0.0;0.0;1509_direct_carried;;;;709.9;1;0;;0;2;1506
146485;1786979293577;0.1;70;50.0;0.0;0.0;0.0;1509_direct_carried;;;;709.9;1;0;;0;2;1508
146702;1786979293794;0.1;70;50.0;0.0;0.0;0.0;1509_direct;;;;709.9;1;0;;0;2;1509
146904;1786979293996;0.1;70;50.0;0.0;0.0;0.0;1509_direct_carried;;;;709.9;1;0;;0;2;150A
147118;1786979294210;0.1;70;50.0;0.0;0.0;0.0;1509_direct_carried;;;;709.9;1;0;;0;2;150B
147322;1786979294414;0.1;70;50.0;0.0;0.0;0.0;1509_direct_carried;;;;709.9;1;0;;0;2;150D
148365;1786979295457;0.1;70;50.0;0.0;0.0;0.0;1509_direct_carried;;;;709.9;1;0;;0;2;1502
148781;1786979295873;2.1;70;50.0;0.0;0.0;0.0;1509_direct_carried;;;;709.9;21;0;;0;2;1505
148995;1786979296087;2.1;70;50.0;0.0;0.0;0.0;1509_direct_carried;;;;709.9;21;0;;0;2;1506
149411;1786979296503;2.1;70;50.0;0.0;0.0;0.0;1509_direct_carried;;;;709.9;21;0;;0;2;1508
149613;1786979296705;2.1;70;49.5;13.0;643.0;643.5;1509_direct;;;;709.9;21;643;;0;2;1509
149829;1786979296921;2.1;70;49.5;13.0;643.0;643.5;1509_direct_carried;;;;709.9;21;643;;0;2;150A
150031;1786979297123;2.1;70;49.5;13.0;643.0;643.5;1509_direct_carried;;;;709.9;21;643;;0;2;150B
150245;1786979297337;2.1;70;49.5;13.0;643.0;643.5;1509_direct_carried;;;;709.9;21;643;;0;2;150D
151291;1786979298383;2.1;70;49.5;13.0;643.0;643.5;1509_direct_carried;;;;709.9;21;643;;0;2;1502
151704;1786979298796;6.7;70;49.5;13.0;643.0;643.5;1509_direct_carried;;;;709.9;67;643;;0;2;1505
151907;1786979298999;6.7;70;49.5;13.0;643.0;643.5;1509_direct_carried;;;;709.9;67;643;;0;2;1506
152323;1786979299415;6.7;70;49.5;13.0;643.0;643.5;1509_direct_carried;;;;709.9;67;643;;0;2;1508
152537;1786979299629;6.7;70;50.0;0.0;0.0;0.0;1509_direct;;;;709.9;67;0;;0;2;1509
152754;1786979299846;6.7;70;50.0;0.0;0.0;0.0;1509_direct_carried;;;;709.9;67;0;;0;2;150A
152953;1786979300045;6.7;70;50.0;0.0;0.0;0.0;1509_direct_carried;;;;709.9;67;0;;0;2;150B
153155;1786979300247;6.7;70;50.0;0.0;0.0;0.0;1509_direct_carried;;;;709.9;67;0;;0;2;150D
154203;1786979301295;6.7;70;50.0;0.0;0.0;0.0;1509_direct_carried;;;;709.9;67;0;;0;2;1502
154623;1786979301715;12.5;70;50.0;0.0;0.0;0.0;1509_direct_carried;;;;709.9;125;0;;0;2;1505
154836;1786979301928;12.5;70;50.0;0.0;0.0;0.0;1509_direct_carried;;;;709.9;125;0;;0;2;1506
155253;1786979302345;12.5;70;50.0;0.0;0.0;0.0;1509_direct_carried;;;;709.9;125;0;;0;2;1508
155454;1786979302546;12.5;70;49.8;0.0;0.0;0.0;1509_direct;;;;709.9;125;0;;0;2;1509
155667;1786979302759;12.5;70;49.8;0.0;0.0;0.0;1509_direct_carried;;;;709.9;125;0;;0;2;150A
155870;1786979302962;12.5;70;49.8;0.0;0.0;0.0;1509_direct_carried;;;;709.9;125;0;;0;2;150B
156083;1786979303175;12.5;70;49.8;0.0;0.0;0.0;1509_direct_carried;;;;709.9;125;0;;0;2;150D
157131;1786979304223;12.5;70;49.8;0.0;0.0;0.0;1509_direct_carried;;;;709.9;125;0;;0;2;1502
157546;1786979304638;17.2;70;49.8;0.0;0.0;0.0;1509_direct_carried;;;;709.9;172;0;;0;2;1505
157751;1786979304843;17.2;70;49.8;0.0;0.0;0.0;1509_direct_carried;;;;709.9;172;0;;0;2;1506
158165;1786979305257;17.2;70;49.8;0.0;0.0;0.0;1509_direct_carried;;;;709.9;172;0;;0;2;1508
158378;1786979305470;17.2;70;48.6;6.0;243.0;291.6;1509_direct;;;;709.9;172;243;;0;2;1509
158592;1786979305684;17.2;70;48.6;6.0;243.0;291.6;1509_direct_carried;;;;709.9;172;243;;0;2;150A
158796;1786979305888;17.2;70;48.6;6.0;243.0;291.6;1509_direct_carried;;;;709.9;172;243;;0;2;150B
159014;1786979306106;17.2;70;48.6;6.0;243.0;291.6;1509_direct_carried;;;;709.9;172;243;;0;2;150D
160056;1786979307148;17.2;70;48.6;6.0;243.0;291.6;1509_direct_carried;;;;709.9;172;243;;0;2;1502
160471;1786979307563;21.8;70;48.6;6.0;243.0;291.6;1509_direct_carried;;;;709.9;218;243;;0;2;1505
160675;1786979307767;21.8;70;48.6;6.0;243.0;291.6;1509_direct_carried;;;;710.0;218;243;;0;2;1506
161091;1786979308183;21.8;70;48.6;6.0;243.0;291.6;1509_direct_carried;;;;710.0;218;243;;0;2;1508
161307;1786979308399;21.8;70;49.0;5.0;245.0;245.0;1509_direct;;;;710.0;218;245;;0;2;1509
161506;1786979308598;21.8;70;49.0;5.0;245.0;245.0;1509_direct_carried;;;;710.0;218;245;;0;2;150A
161720;1786979308812;21.8;70;49.0;5.0;245.0;245.0;1509_direct_carried;;;;710.0;218;245;;0;2;150B
161924;1786979309016;21.8;70;49.0;5.0;245.0;245.0;1509_direct_carried;;;;710.0;218;245;;0;2;150D
162968;1786979310060;21.8;70;49.0;5.0;245.0;245.0;1509_direct_carried;;;;710.0;218;245;;0;2;1502
163385;1786979310477;21.8;70;49.0;5.0;245.0;245.0;1509_direct_carried;;;;710.0;218;245;;0;2;1505
163598;1786979310690;21.8;70;49.0;5.0;245.0;245.0;1509_direct_carried;;;;710.0;218;245;;0;2;1506
164018;1786979311110;21.8;70;49.0;5.0;245.0;245.0;1509_direct_carried;;;;710.0;218;245;;0;2;1508
164217;1786979311309;21.8;70;49.6;0.0;0.0;0.0;1509_direct;;;;710.0;218;0;;0;2;1509
164433;1786979311525;21.8;70;49.6;0.0;0.0;0.0;1509_direct_carried;;;;710.0;218;0;;0;2;150A
164636;1786979311728;21.8;70;49.6;0.0;0.0;0.0;1509_direct_carried;;;;710.0;218;0;;0;2;150B
164847;1786979311939;21.8;70;49.6;0.0;0.0;0.0;1509_direct_carried;;;;710.0;218;0;;0;2;150D
165893;1786979312985;21.8;70;49.6;0.0;0.0;0.0;1509_direct_carried;;;;710.0;218;0;;0;2;1502
166313;1786979313405;17.7;70;49.6;0.0;0.0;0.0;1509_direct_carried;;;;710.0;177;0;;0;2;1505
166512;1786979313604;17.7;70;49.6;0.0;0.0;0.0;1509_direct_carried;;;;710.0;177;0;;0;2;1506
166931;1786979314023;17.7;70;49.6;0.0;0.0;0.0;1509_direct_carried;;;;710.0;177;0;;0;2;1508
167145;1786979314237;17.7;69;49.0;1.0;0.0;49.0;1509_direct;;;;710.0;177;0;;0;2;1509
167346;1786979314438;17.7;69;49.0;1.0;0.0;49.0;1509_direct_carried;;;;710.0;177;0;;0;2;150A
167558;1786979314650;17.7;69;49.0;1.0;0.0;49.0;1509_direct_carried;;;;710.0;177;0;;0;2;150B
167772;1786979314864;17.7;69;49.0;1.0;0.0;49.0;1509_direct_carried;;;;710.0;177;0;;0;2;150D
168809;1786979315901;17.7;69;49.0;1.0;0.0;49.0;1509_direct_carried;;;;710.0;177;0;;0;2;1502
169223;1786979316315;18.0;69;49.0;1.0;0.0;49.0;1509_direct_carried;;;;710.0;180;0;;0;2;1505
169436;1786979316528;18.0;69;49.0;1.0;0.0;49.0;1509_direct_carried;;;;710.0;180;0;;0;2;1506
169855;1786979316947;18.0;69;49.0;1.0;0.0;49.0;1509_direct_carried;;;;710.0;180;0;;0;2;1508
170059;1786979317151;18.0;64;48.8;4.0;195.0;195.2;1509_direct;;;;710.0;180;195;;0;2;1509
170272;1786979317364;18.0;64;48.8;4.0;195.0;195.2;1509_direct_carried;;;;710.0;180;195;;0;2;150A
170473;1786979317565;18.0;64;48.8;4.0;195.0;195.2;1509_direct_carried;;;;710.0;180;195;;0;2;150B
170686;1786979317778;18.0;64;48.8;4.0;195.0;195.2;1509_direct_carried;;;;710.0;180;195;;0;2;150D
171732;1786979318824;18.0;64;48.8;4.0;195.0;195.2;1509_direct_carried;;;;710.0;180;195;;0;2;1502
172148;1786979319240;15.8;64;48.8;4.0;195.0;195.2;1509_direct_carried;;;;710.0;158;195;;0;2;1505
172350;1786979319442;15.8;64;48.8;4.0;195.0;195.2;1509_direct_carried;;;;710.0;158;195;;0;2;1506
172766;1786979319858;15.8;64;48.8;4.0;195.0;195.2;1509_direct_carried;;;;710.0;158;195;;0;2;1508
172979;1786979320071;15.8;64;49.0;5.0;245.0;245.0;1509_direct;;;;710.0;158;245;;0;2;1509
173186;1786979320278;15.8;64;49.0;5.0;245.0;245.0;1509_direct_carried;;;;710.0;158;245;;0;2;150A
173398;1786979320490;15.8;64;49.0;5.0;245.0;245.0;1509_direct_carried;;;;710.0;158;245;;0;2;150B
173609;1786979320701;15.8;64;49.0;5.0;245.0;245.0;1509_direct_carried;;;;710.0;158;245;;0;2;150D
174649;1786979321741;15.8;64;49.0;5.0;245.0;245.0;1509_direct_carried;;;;710.0;158;245;;0;2;1502
175064;1786979322156;18.8;64;49.0;5.0;245.0;245.0;1509_direct_carried;;;;710.0;188;245;;0;2;1505
175280;1786979322372;18.8;64;49.0;5.0;245.0;245.0;1509_direct_carried;;;;710.0;188;245;;0;2;1506
175695;1786979322787;18.8;64;49.0;5.0;245.0;245.0;1509_direct_carried;;;;710.0;188;245;;0;2;1508
175897;1786979322989;18.8;64;48.5;9.0;436.0;436.5;1509_direct;;;;710.0;188;436;;0;2;1509
176113;1786979323205;18.8;64;48.5;9.0;436.0;436.5;1509_direct_carried;;;;710.0;188;436;;0;2;150A
176324;1786979323416;18.8;64;48.5;9.0;436.0;436.5;1509_direct_carried;;;;710.0;188;436;;0;2;150B
176527;1786979323619;18.8;64;48.5;9.0;436.0;436.5;1509_direct_carried;;;;710.0;188;436;;0;2;150D
177574;1786979324666;18.8;64;48.5;9.0;436.0;436.5;1509_direct_carried;;;;710.0;188;436;;0;2;1502
177991;1786979325083;16.4;64;48.5;9.0;436.0;436.5;1509_direct_carried;;;;710.0;164;436;;0;2;1505
178193;1786979325285;16.4;64;48.5;9.0;436.0;436.5;1509_direct_carried;;;;710.1;164;436;;0;2;1506
178608;1786979325700;16.4;64;48.5;9.0;436.0;436.5;1509_direct_carried;;;;710.1;164;436;;0;2;1508
178822;1786979325914;16.4;64;49.5;0.0;0.0;0.0;1509_direct;;;;710.1;164;0;;0;2;1509
179025;1786979326117;16.4;64;49.5;0.0;0.0;0.0;1509_direct_carried;;;;710.1;164;0;;0;2;150A
179239;1786979326331;16.4;64;49.5;0.0;0.0;0.0;1509_direct_carried;;;;710.1;164;0;;0;2;150B
179451;1786979326543;16.4;64;49.5;0.0;0.0;0.0;1509_direct_carried;;;;710.1;164;0;;0;2;150D
180486;1786979327578;16.4;64;49.5;0.0;0.0;0.0;1509_direct_carried;;;;710.1;164;0;;0;2;1502
180904;1786979327996;14.6;64;49.5;0.0;0.0;0.0;1509_direct_carried;;;;710.1;146;0;;0;2;1505
181117;1786979328209;14.6;64;49.5;0.0;0.0;0.0;1509_direct_carried;;;;710.1;146;0;;0;2;1506
181535;1786979328627;14.6;64;49.5;0.0;0.0;0.0;1509_direct_carried;;;;710.1;146;0;;0;2;1508
181747;1786979328839;14.6;64;49.6;0.0;0.0;0.0;1509_direct;;;;710.1;146;0;;0;2;1509
181952;1786979329044;14.6;64;49.6;0.0;0.0;0.0;1509_direct_carried;;;;710.1;146;0;;0;2;150A
182166;1786979329258;14.6;64;49.6;0.0;0.0;0.0;1509_direct_carried;;;;710.1;146;0;;0;2;150B
182367;1786979329459;14.6;64;49.6;0.0;0.0;0.0;1509_direct_carried;;;;710.1;146;0;;0;2;150D
183414;1786979330506;14.6;64;49.6;0.0;0.0;0.0;1509_direct_carried;;;;710.1;146;0;;0;2;1502
184032;1786979331124;14.6;64;49.6;0.0;0.0;0.0;1509_direct_carried;;;;710.1;146;0;;0;2;1506
184459;1786979331551;14.6;64;49.6;0.0;0.0;0.0;1509_direct_carried;;;;710.1;146;0;;0;2;1508
184661;1786979331753;14.6;64;47.0;18.0;846.0;846.0;1509_direct;;;;710.1;146;846;;0;2;1509
184875;1786979331967;14.6;64;47.0;18.0;846.0;846.0;1509_direct_carried;;;;710.1;146;846;;0;2;150A
185078;1786979332170;14.6;64;47.0;18.0;846.0;846.0;1509_direct_carried;;;;710.1;146;846;;0;2;150B
185292;1786979332384;14.6;64;47.0;18.0;846.0;846.0;1509_direct_carried;;;;710.1;146;846;;0;2;150D
186328;1786979333420;14.6;64;47.0;18.0;846.0;846.0;1509_direct_carried;;;;710.1;146;846;;0;2;1502
186744;1786979333836;21.8;64;47.0;18.0;846.0;846.0;1509_direct_carried;;;;710.1;218;846;;0;2;1505
186957;1786979334049;21.8;64;47.0;18.0;846.0;846.0;1509_direct_carried;;;;710.1;218;846;;0;2;1506
187374;1786979334466;21.8;64;47.0;18.0;846.0;846.0;1509_direct_carried;;;;710.1;218;846;;0;2;1508
187585;1786979334677;21.8;64;48.2;9.0;336.0;433.8;1509_direct;;;;710.1;218;336;;0;2;1509
187790;1786979334882;21.8;64;48.2;9.0;336.0;433.8;1509_direct_carried;;;;710.1;218;336;;0;2;150A
188003;1786979335095;21.8;64;48.2;9.0;336.0;433.8;1509_direct_carried;;;;710.1;218;336;;0;2;150B
188206;1786979335298;21.8;64;48.2;9.0;336.0;433.8;1509_direct_carried;;;;710.1;218;336;;0;2;150D
189257;1786979336349;21.8;64;48.2;9.0;336.0;433.8;1509_direct_carried;;;;710.1;218;336;;0;2;1502
189668;1786979336760;20.2;64;48.2;9.0;336.0;433.8;1509_direct_carried;;;;710.1;202;336;;0;2;1505
189881;1786979336973;20.2;64;48.2;9.0;336.0;433.8;1509_direct_carried;;;;710.1;202;336;;0;2;1506
190298;1786979337390;20.2;64;48.2;9.0;336.0;433.8;1509_direct_carried;;;;710.1;202;336;;0;2;1508
190501;1786979337593;20.2;64;48.0;10.0;480.0;480.0;1509_direct;;;;710.1;202;480;;0;2;1509
190716;1786979337808;20.2;64;48.0;10.0;480.0;480.0;1509_direct_carried;;;;710.1;202;480;;0;2;150A
190919;1786979338011;20.2;64;48.0;10.0;480.0;480.0;1509_direct_carried;;;;710.1;202;480;;0;2;150B
191134;1786979338226;20.2;64;48.0;10.0;480.0;480.0;1509_direct_carried;;;;710.1;202;480;;0;2;150D
192168;1786979339260;20.2;64;48.0;10.0;480.0;480.0;1509_direct_carried;;;;710.1;202;480;;0;2;1502
192594;1786979339686;21.8;64;48.0;10.0;480.0;480.0;1509_direct_carried;;;;710.1;218;480;;0;2;1505
192797;1786979339889;21.8;64;48.0;10.0;480.0;480.0;1509_direct_carried;;;;710.1;218;480;;0;2;1506
193214;1786979340306;21.8;64;48.0;10.0;480.0;480.0;1509_direct_carried;;;;710.1;218;480;;0;1;1508
193427;1786979340519;21.8;64;48.8;4.0;195.0;195.2;1509_direct;;;;710.1;218;195;;0;1;1509
193628;1786979340720;21.8;64;48.8;4.0;195.0;195.2;1509_direct_carried;;;;710.1;218;195;;0;1;150A
193843;1786979340935;21.8;64;48.8;4.0;195.0;195.2;1509_direct_carried;;;;710.1;218;195;;0;1;150B
194044;1786979341136;21.8;64;48.8;4.0;195.0;195.2;1509_direct_carried;;;;710.1;218;195;;0;1;150D
195094;1786979342186;21.8;64;48.8;4.0;195.0;195.2;1509_direct_carried;;;;710.1;218;195;;0;1;1502
195508;1786979342600;21.8;64;48.8;4.0;195.0;195.2;1509_direct_carried;;;;710.1;218;195;;0;1;1505
195722;1786979342814;21.8;64;48.8;4.0;195.0;195.2;1509_direct_carried;;;;710.1;218;195;;0;1;1506
196137;1786979343229;21.8;64;48.8;4.0;195.0;195.2;1509_direct_carried;;;;710.1;218;195;;0;2;1508
196340;1786979343432;21.8;64;48.4;6.0;290.0;290.4;1509_direct;;;;710.1;218;290;;0;2;1509
196555;1786979343647;21.8;64;48.4;6.0;290.0;290.4;1509_direct_carried;;;;710.1;218;290;;0;2;150A
196756;1786979343848;21.8;64;48.4;6.0;290.0;290.4;1509_direct_carried;;;;710.1;218;290;;0;2;150B
196970;1786979344062;21.8;64;48.4;6.0;290.0;290.4;1509_direct_carried;;;;710.1;218;290;;0;2;150D
198018;1786979345110;21.8;64;48.4;6.0;290.0;290.4;1509_direct_carried;;;;710.1;218;290;;0;2;1502
198633;1786979345725;21.8;64;48.4;6.0;290.0;290.4;1509_direct_carried;;;;710.2;218;290;;0;2;1506
199051;1786979346143;21.8;64;48.4;6.0;290.0;290.4;1509_direct_carried;;;;710.2;218;290;;0;2;1508
199259;1786979346351;21.8;64;48.3;6.0;291.0;289.79999999999995;1509_direct;;;;710.2;218;291;;0;2;1509
199463;1786979346555;21.8;64;48.3;6.0;291.0;289.79999999999995;1509_direct_carried;;;;710.2;218;291;;0;2;150A
199676;1786979346768;21.8;64;48.3;6.0;291.0;289.79999999999995;1509_direct_carried;;;;710.2;218;291;;0;2;150B
199891;1786979346983;21.8;64;48.3;6.0;291.0;289.79999999999995;1509_direct_carried;;;;710.2;218;291;;0;2;150D
200926;1786979348018;21.8;64;48.3;6.0;291.0;289.79999999999995;1509_direct_carried;;;;710.2;218;291;;0;2;1502
201341;1786979348433;21.8;64;48.3;6.0;291.0;289.79999999999995;1509_direct_carried;;;;710.2;218;291;;0;2;1505
201556;1786979348648;21.8;64;48.3;6.0;291.0;289.79999999999995;1509_direct_carried;;;;710.2;218;291;;0;2;1506
201972;1786979349064;21.8;64;48.3;6.0;291.0;289.79999999999995;1509_direct_carried;;;;710.2;218;291;;0;2;1508
202179;1786979349271;21.8;64;48.8;3.0;146.0;146.39999999999998;1509_direct;;;;710.2;218;146;;0;2;1509
202392;1786979349484;21.8;64;48.8;3.0;146.0;146.39999999999998;1509_direct_carried;;;;710.2;218;146;;0;2;150A
202606;1786979349698;21.8;64;48.8;3.0;146.0;146.39999999999998;1509_direct_carried;;;;710.2;218;146;;0;2;150B
202806;1786979349898;21.8;64;48.8;3.0;146.0;146.39999999999998;1509_direct_carried;;;;710.2;218;146;;0;2;150D
203850;1786979350942;21.8;64;48.8;3.0;146.0;146.39999999999998;1509_direct_carried;;;;710.2;218;146;;0;2;1502
204268;1786979351360;21.8;64;48.8;3.0;146.0;146.39999999999998;1509_direct_carried;;;;710.2;218;146;;0;2;1505
204469;1786979351561;21.8;64;48.8;3.0;146.0;146.39999999999998;1509_direct_carried;;;;710.2;218;146;;0;2;1506
204887;1786979351979;21.8;64;48.8;3.0;146.0;146.39999999999998;1509_direct_carried;;;;710.2;218;146;;0;2;1508
205099;1786979352191;21.8;64;48.5;6.0;291.0;291.0;1509_direct;;;;710.2;218;291;;0;2;1509
205313;1786979352405;21.8;64;48.5;6.0;291.0;291.0;1509_direct_carried;;;;710.2;218;291;;0;2;150A
205520;1786979352612;21.8;64;48.5;6.0;291.0;291.0;1509_direct_carried;;;;710.2;218;291;;0;2;150B
205731;1786979352823;21.8;64;48.5;6.0;291.0;291.0;1509_direct_carried;;;;710.2;218;291;;0;2;150D
206768;1786979353860;21.8;64;48.5;6.0;291.0;291.0;1509_direct_carried;;;;710.2;218;291;;0;2;1502
207184;1786979354276;21.8;64;48.5;6.0;291.0;291.0;1509_direct_carried;;;;710.2;218;291;;0;2;1505
207400;1786979354492;21.8;64;48.5;6.0;291.0;291.0;1509_direct_carried;;;;710.2;218;291;;0;2;1506
207814;1786979354906;21.8;64;48.5;6.0;291.0;291.0;1509_direct_carried;;;;710.2;218;291;;0;2;1508
208028;1786979355120;21.8;64;48.5;5.0;290.0;242.5;1509_direct;;;;710.2;218;290;;0;2;1509
208228;1786979355320;21.8;64;48.5;5.0;290.0;242.5;1509_direct_carried;;;;710.2;218;290;;0;2;150A
208442;1786979355534;21.8;64;48.5;5.0;290.0;242.5;1509_direct_carried;;;;710.2;218;290;;0;2;150B
208646;1786979355738;21.8;64;48.5;5.0;290.0;242.5;1509_direct_carried;;;;710.2;218;290;;0;2;150D
209691;1786979356783;21.8;64;48.5;5.0;290.0;242.5;1509_direct_carried;;;;710.2;218;290;;0;2;1502
210108;1786979357200;21.8;64;48.5;5.0;290.0;242.5;1509_direct_carried;;;;710.2;218;290;;0;2;1505
210320;1786979357412;21.8;64;48.5;5.0;290.0;242.5;1509_direct_carried;;;;710.2;218;290;;0;2;1506
210738;1786979357830;21.8;64;48.5;5.0;290.0;242.5;1509_direct_carried;;;;710.2;218;290;;0;2;1508
210940;1786979358032;21.8;64;48.3;6.0;289.0;289.79999999999995;1509_direct;;;;710.2;218;289;;0;2;1509
211153;1786979358245;21.8;64;48.3;6.0;289.0;289.79999999999995;1509_direct_carried;;;;710.2;218;289;;0;2;150A
211357;1786979358449;21.8;64;48.3;6.0;289.0;289.79999999999995;1509_direct_carried;;;;710.2;218;289;;0;2;150B
211569;1786979358661;21.8;64;48.3;6.0;289.0;289.79999999999995;1509_direct_carried;;;;710.2;218;289;;0;2;150D
212605;1786979359697;21.8;64;48.3;6.0;289.0;289.79999999999995;1509_direct_carried;;;;710.2;218;289;;0;2;1502
213035;1786979360127;21.8;64;48.3;6.0;289.0;289.79999999999995;1509_direct_carried;;;;710.2;218;289;;0;2;1505
213238;1786979360330;21.8;64;48.3;6.0;289.0;289.79999999999995;1509_direct_carried;;;;710.3;218;289;;0;2;1506
213654;1786979360746;21.8;64;48.3;6.0;289.0;289.79999999999995;1509_direct_carried;;;;710.3;218;289;;0;2;1508
213866;1786979360958;21.8;64;48.6;5.0;243.0;243.0;1509_direct;;;;710.3;218;243;;0;2;1509
214069;1786979361161;21.8;64;48.6;5.0;243.0;243.0;1509_direct_carried;;;;710.3;218;243;;0;2;150A
214286;1786979361378;21.8;64;48.6;5.0;243.0;243.0;1509_direct_carried;;;;710.3;218;243;;0;2;150B
214487;1786979361579;21.8;64;48.6;5.0;243.0;243.0;1509_direct_carried;;;;710.3;218;243;;0;2;150D
215532;1786979362624;21.8;64;48.6;5.0;243.0;243.0;1509_direct_carried;;;;710.3;218;243;;0;2;1502
215947;1786979363039;21.8;64;48.6;5.0;243.0;243.0;1509_direct_carried;;;;710.3;218;243;;0;2;1505
216162;1786979363254;21.8;64;48.6;5.0;243.0;243.0;1509_direct_carried;;;;710.3;218;243;;0;2;1506
216578;1786979363670;21.8;64;48.6;5.0;243.0;243.0;1509_direct_carried;;;;710.3;218;243;;0;1;1508
216790;1786979363882;21.8;64;48.3;6.0;289.0;289.79999999999995;1509_direct;;;;710.3;218;289;;0;1;1509
216993;1786979364085;21.8;64;48.3;6.0;289.0;289.79999999999995;1509_direct_carried;;;;710.3;218;289;;0;1;150A
217197;1786979364289;21.8;64;48.3;6.0;289.0;289.79999999999995;1509_direct_carried;;;;710.3;218;289;;0;1;150B
217411;1786979364503;21.8;64;48.3;6.0;289.0;289.79999999999995;1509_direct_carried;;;;710.3;218;289;;0;1;150D
218459;1786979365551;21.8;64;48.3;6.0;289.0;289.79999999999995;1509_direct_carried;;;;710.3;218;289;;0;1;1502
218873;1786979365965;19.4;64;48.3;6.0;289.0;289.79999999999995;1509_direct_carried;;;;710.3;194;289;;0;1;1505
219076;1786979366168;19.4;64;48.3;6.0;289.0;289.79999999999995;1509_direct_carried;;;;710.3;194;289;;0;1;1506
219492;1786979366584;19.4;64;48.3;6.0;289.0;289.79999999999995;1509_direct_carried;;;;710.3;194;289;;0;1;1508
219707;1786979366799;19.4;64;49.1;0.0;0.0;0.0;1509_direct;;;;710.3;194;0;;0;1;1509
219908;1786979367000;19.4;64;49.1;0.0;0.0;0.0;1509_direct_carried;;;;710.3;194;0;;0;1;150A
220121;1786979367213;19.4;64;49.1;0.0;0.0;0.0;1509_direct_carried;;;;710.3;194;0;;0;1;150B
220325;1786979367417;19.4;64;49.1;0.0;0.0;0.0;1509_direct_carried;;;;710.3;194;0;;0;1;150D
221371;1786979368463;19.4;64;49.1;0.0;0.0;0.0;1509_direct_carried;;;;710.3;194;0;;0;1;1502
221789;1786979368881;19.2;64;49.1;0.0;0.0;0.0;1509_direct_carried;;;;710.3;192;0;;0;1;1505
221998;1786979369090;19.2;64;49.1;0.0;0.0;0.0;1509_direct_carried;;;;710.3;192;0;;0;1;1506
222419;1786979369511;19.2;64;49.1;0.0;0.0;0.0;1509_direct_carried;;;;710.3;192;0;;0;1;1508
222620;1786979369712;19.2;64;47.9;9.0;431.0;431.09999999999997;1509_direct;;;;710.3;192;431;;0;1;1509
222834;1786979369926;19.2;64;47.9;9.0;431.0;431.09999999999997;1509_direct_carried;;;;710.3;192;431;;0;1;150A
223036;1786979370128;19.2;64;47.9;9.0;431.0;431.09999999999997;1509_direct_carried;;;;710.3;192;431;;0;1;150B
223247;1786979370339;19.2;64;47.9;9.0;431.0;431.09999999999997;1509_direct_carried;;;;710.3;192;431;;0;1;150D
224296;1786979371388;19.2;64;47.9;9.0;431.0;431.09999999999997;1509_direct_carried;;;;710.3;192;431;;0;1;1502
224916;1786979372008;19.2;64;47.9;9.0;431.0;431.09999999999997;1509_direct_carried;;;;710.3;192;431;;0;1;1506
225331;1786979372423;19.2;64;47.9;9.0;431.0;431.09999999999997;1509_direct_carried;;;;710.3;192;431;;0;1;1508
225549;1786979372641;19.2;64;48.5;5.0;242.0;242.5;1509_direct;;;;710.3;192;242;;0;1;1509
225749;1786979372841;19.2;64;48.5;5.0;242.0;242.5;1509_direct_carried;;;;710.3;192;242;;0;1;150A
225961;1786979373053;19.2;64;48.5;5.0;242.0;242.5;1509_direct_carried;;;;710.3;192;242;;0;1;150B
226164;1786979373256;19.2;64;48.5;5.0;242.0;242.5;1509_direct_carried;;;;710.3;192;242;;0;1;150D
227211;1786979374303;19.2;64;48.5;5.0;242.0;242.5;1509_direct_carried;;;;710.3;192;242;;0;1;1502
227627;1786979374719;21.8;64;48.5;5.0;242.0;242.5;1509_direct_carried;;;;710.3;218;242;;0;1;1505
227840;1786979374932;21.8;64;48.5;5.0;242.0;242.5;1509_direct_carried;;;;710.3;218;242;;0;1;1506
228256;1786979375348;21.8;64;48.5;5.0;242.0;242.5;1509_direct_carried;;;;710.3;218;242;;0;1;1508
228459;1786979375551;21.8;62;48.7;3.0;97.0;146.10000000000002;1509_direct;;;;710.3;218;97;;0;1;1509
228674;1786979375766;21.8;62;48.7;3.0;97.0;146.10000000000002;1509_direct_carried;;;;710.3;218;97;;0;1;150A
228877;1786979375969;21.8;62;48.7;3.0;97.0;146.10000000000002;1509_direct_carried;;;;710.3;218;97;;0;1;150B
229088;1786979376180;21.8;62;48.7;3.0;97.0;146.10000000000002;1509_direct_carried;;;;710.3;218;97;;0;1;150D
230136;1786979377228;21.8;62;48.7;3.0;97.0;146.10000000000002;1509_direct_carried;;;;710.3;218;97;;0;1;1502
230553;1786979377645;21.8;62;48.7;3.0;97.0;146.10000000000002;1509_direct_carried;;;;710.3;218;97;;0;1;1505
230755;1786979377847;21.8;62;48.7;3.0;97.0;146.10000000000002;1509_direct_carried;;;;710.4;218;97;;0;1;1506
231172;1786979378264;21.8;62;48.7;3.0;97.0;146.10000000000002;1509_direct_carried;;;;710.4;218;97;;0;1;1508
231384;1786979378476;21.8;59;48.4;5.0;242.0;242.0;1509_direct;;;;710.4;218;242;;0;1;1509
231587;1786979378679;21.8;59;48.4;5.0;242.0;242.0;1509_direct_carried;;;;710.4;218;242;;0;1;150A
231801;1786979378893;21.8;59;48.4;5.0;242.0;242.0;1509_direct_carried;;;;710.4;218;242;;0;1;150B
232014;1786979379106;21.8;59;48.4;5.0;242.0;242.0;1509_direct_carried;;;;710.4;218;242;;0;1;150D
233051;1786979380143;21.8;59;48.4;5.0;242.0;242.0;1509_direct_carried;;;;710.4;218;242;;0;1;1502
233467;1786979380559;21.8;59;48.4;5.0;242.0;242.0;1509_direct_carried;;;;710.4;218;242;;0;1;1505
233679;1786979380771;21.8;59;48.4;5.0;242.0;242.0;1509_direct_carried;;;;710.4;218;242;;0;1;1506
234097;1786979381189;21.8;59;48.4;5.0;242.0;242.0;1509_direct_carried;;;;710.4;218;242;;0;1;1508
234300;1786979381392;21.8;59;48.5;5.0;194.0;242.5;1509_direct;;;;710.4;218;194;;0;1;1509
234511;1786979381603;21.8;59;48.5;5.0;194.0;242.5;1509_direct_carried;;;;710.4;218;194;;0;1;150A
234723;1786979381815;21.8;59;48.5;5.0;194.0;242.5;1509_direct_carried;;;;710.4;218;194;;0;1;150B
234928;1786979382020;21.8;59;48.5;5.0;194.0;242.5;1509_direct_carried;;;;710.4;218;194;;0;1;150D
235975;1786979383067;21.8;59;48.5;5.0;194.0;242.5;1509_direct_carried;;;;710.4;218;194;;0;1;1502
236400;1786979383492;21.8;59;48.5;5.0;194.0;242.5;1509_direct_carried;;;;710.4;218;194;;0;1;1505
236594;1786979383686;21.8;59;48.5;5.0;194.0;242.5;1509_direct_carried;;;;710.4;218;194;;0;1;1506
237009;1786979384101;21.8;59;48.5;5.0;194.0;242.5;1509_direct_carried;;;;710.4;218;194;;0;1;1508
237223;1786979384315;21.8;59;48.7;4.0;194.0;194.8;1509_direct;;;;710.4;218;194;;0;1;1509
237437;1786979384529;21.8;59;48.7;4.0;194.0;194.8;1509_direct_carried;;;;710.4;218;194;;0;1;150A
237639;1786979384731;21.8;59;48.7;4.0;194.0;194.8;1509_direct_carried;;;;710.4;218;194;;0;1;150B
237853;1786979384945;21.8;59;48.7;4.0;194.0;194.8;1509_direct_carried;;;;710.4;218;194;;0;1;150D
238889;1786979385981;21.8;59;48.7;4.0;194.0;194.8;1509_direct_carried;;;;710.4;218;194;;0;1;1502
239305;1786979386397;21.8;59;48.7;4.0;194.0;194.8;1509_direct_carried;;;;710.4;218;194;;0;1;1505
239519;1786979386611;21.8;59;48.7;4.0;194.0;194.8;1509_direct_carried;;;;710.4;218;194;;0;1;1506
239935;1786979387027;21.8;59;48.7;4.0;194.0;194.8;1509_direct_carried;;;;710.4;218;194;;0;1;1508
240148;1786979387240;21.8;59;48.3;5.0;193.0;241.5;1509_direct;;;;710.4;218;193;;0;1;1509
240352;1786979387444;21.8;59;48.3;5.0;193.0;241.5;1509_direct_carried;;;;710.4;218;193;;0;1;150A
240565;1786979387657;21.8;59;48.3;5.0;193.0;241.5;1509_direct_carried;;;;710.4;218;193;;0;1;150B
240767;1786979387859;21.8;59;48.3;5.0;193.0;241.5;1509_direct_carried;;;;710.4;218;193;;0;1;150D
241813;1786979388905;21.8;59;48.3;5.0;193.0;241.5;1509_direct_carried;;;;710.4;218;193;;0;1;1502
242230;1786979389322;21.8;59;48.3;5.0;193.0;241.5;1509_direct_carried;;;;710.4;218;193;;0;1;1505
242433;1786979389525;21.8;59;48.3;5.0;193.0;241.5;1509_direct_carried;;;;710.4;218;193;;0;1;1506
242860;1786979389952;21.8;59;48.3;5.0;193.0;241.5;1509_direct_carried;;;;710.4;218;193;;0;1;1508
243062;1786979390154;21.8;59;48.8;3.0;146.0;146.39999999999998;1509_direct;;;;710.4;218;146;;0;1;1509
243276;1786979390368;21.8;59;48.8;3.0;146.0;146.39999999999998;1509_direct_carried;;;;710.4;218;146;;0;1;150A
243478;1786979390570;21.8;59;48.8;3.0;146.0;146.39999999999998;1509_direct_carried;;;;710.4;218;146;;0;1;150B
243694;1786979390786;21.8;59;48.8;3.0;146.0;146.39999999999998;1509_direct_carried;;;;710.4;218;146;;0;1;150D
244723;1786979391815;21.8;59;48.8;3.0;146.0;146.39999999999998;1509_direct_carried;;;;710.4;218;146;;0;1;1502
245150;1786979392242;21.8;59;48.8;3.0;146.0;146.39999999999998;1509_direct_carried;;;;710.4;218;146;;0;1;1505
245353;1786979392445;21.8;59;48.8;3.0;146.0;146.39999999999998;1509_direct_carried;;;;710.5;218;146;;0;1;1506
245770;1786979392862;21.8;59;48.8;3.0;146.0;146.39999999999998;1509_direct_carried;;;;710.5;218;146;;0;1;1508
245983;1786979393075;21.8;59;48.6;4.0;193.0;194.4;1509_direct;;;;710.5;218;193;;0;1;1509
246190;1786979393282;21.8;59;48.6;4.0;193.0;194.4;1509_direct_carried;;;;710.5;218;193;;0;1;150A
246402;1786979393494;21.8;59;48.6;4.0;193.0;194.4;1509_direct_carried;;;;710.5;218;193;;0;1;150B
246604;1786979393696;21.8;59;48.6;4.0;193.0;194.4;1509_direct_carried;;;;710.5;218;193;;0;1;150D
247653;1786979394745;21.8;59;48.6;4.0;193.0;194.4;1509_direct_carried;;;;710.5;218;193;;0;1;1502
248079;1786979395171;21.8;59;48.6;4.0;193.0;194.4;1509_direct_carried;;;;710.5;218;193;;0;1;1505
248282;1786979395374;21.8;59;48.6;4.0;193.0;194.4;1509_direct_carried;;;;710.5;218;193;;0;1;1506
248699;1786979395791;21.8;59;48.6;4.0;193.0;194.4;1509_direct_carried;;;;710.5;218;193;;0;1;1508
248901;1786979395993;21.8;59;48.5;4.0;194.0;194.0;1509_direct;;;;710.5;218;194;;0;1;1509
249115;1786979396207;21.8;59;48.5;4.0;194.0;194.0;1509_direct_carried;;;;710.5;218;194;;0;1;150A
249319;1786979396411;21.8;59;48.5;4.0;194.0;194.0;1509_direct_carried;;;;710.5;218;194;;0;1;150B
249532;1786979396624;21.8;59;48.5;4.0;194.0;194.0;1509_direct_carried;;;;710.5;218;194;;0;1;150D
250579;1786979397671;21.8;59;48.5;4.0;194.0;194.0;1509_direct_carried;;;;710.5;218;194;;0;1;1502
250995;1786979398087;21.8;59;48.5;4.0;194.0;194.0;1509_direct_carried;;;;710.5;218;194;;0;1;1505
251196;1786979398288;21.8;59;48.5;4.0;194.0;194.0;1509_direct_carried;;;;710.5;218;194;;0;1;1506
251614;1786979398706;21.8;59;48.5;4.0;194.0;194.0;1509_direct_carried;;;;710.5;218;194;;0;1;1508
251828;1786979398920;21.8;59;48.5;4.0;194.0;194.0;1509_direct;;;;710.5;218;194;;0;1;1509
252029;1786979399121;21.8;59;48.5;4.0;194.0;194.0;1509_direct_carried;;;;710.5;218;194;;0;1;150A
252244;1786979399336;21.8;59;48.5;4.0;194.0;194.0;1509_direct_carried;;;;710.5;218;194;;0;1;150B
252445;1786979399537;21.8;59;48.5;4.0;194.0;194.0;1509_direct_carried;;;;710.5;218;194;;0;1;150D
253492;1786979400584;21.8;59;48.5;4.0;194.0;194.0;1509_direct_carried;;;;710.5;218;194;;0;1;1502
253907;1786979400999;21.8;59;48.5;4.0;194.0;194.0;1509_direct_carried;;;;710.5;218;194;;0;1;1505
254121;1786979401213;21.8;59;48.5;4.0;194.0;194.0;1509_direct_carried;;;;710.5;218;194;;0;1;1506
254539;1786979401631;21.8;59;48.5;4.0;194.0;194.0;1509_direct_carried;;;;710.5;218;194;;0;1;1508
254740;1786979401832;21.8;59;49.1;0.0;0.0;0.0;1509_direct;;;;710.5;218;0;;0;1;1509
254954;1786979402046;21.8;59;49.1;0.0;0.0;0.0;1509_direct_carried;;;;710.5;218;0;;0;1;150A
255156;1786979402248;21.8;59;49.1;0.0;0.0;0.0;1509_direct_carried;;;;710.5;218;0;;0;1;150B
255372;1786979402464;21.8;59;49.1;0.0;0.0;0.0;1509_direct_carried;;;;710.5;218;0;;0;1;150D
256417;1786979403509;21.8;59;49.1;0.0;0.0;0.0;1509_direct_carried;;;;710.5;218;0;;0;1;1502
256834;1786979403926;20.0;59;49.1;0.0;0.0;0.0;1509_direct_carried;;;;710.5;200;0;;0;1;1505
257035;1786979404127;20.0;59;49.1;0.0;0.0;0.0;1509_direct_carried;;;;710.5;200;0;;0;1;1506
257451;1786979404543;20.0;59;49.1;0.0;0.0;0.0;1509_direct_carried;;;;710.5;200;0;;0;1;1508
257665;1786979404757;20.0;59;48.5;4.0;194.0;194.0;1509_direct;;;;710.5;200;194;;0;1;1509
257868;1786979404960;20.0;59;48.5;4.0;194.0;194.0;1509_direct_carried;;;;710.5;200;194;;0;1;150A
258083;1786979405175;20.0;59;48.5;4.0;194.0;194.0;1509_direct_carried;;;;710.5;200;194;;0;1;150B
258285;1786979405377;20.0;59;48.5;4.0;194.0;194.0;1509_direct_carried;;;;710.5;200;194;;0;1;150D
259331;1786979406423;20.0;59;48.5;4.0;194.0;194.0;1509_direct_carried;;;;710.5;200;194;;0;1;1502
259744;1786979406836;20.8;59;48.5;4.0;194.0;194.0;1509_direct_carried;;;;710.5;208;194;;0;1;1505
259960;1786979407052;20.8;59;48.5;4.0;194.0;194.0;1509_direct_carried;;;;710.5;208;194;;0;1;1506
260378;1786979407470;20.8;59;48.5;4.0;194.0;194.0;1509_direct_carried;;;;710.5;208;194;;0;1;1508
260580;1786979407672;20.8;59;48.2;6.0;289.0;289.20000000000005;1509_direct;;;;710.5;208;289;;0;1;1509
260793;1786979407885;20.8;59;48.2;6.0;289.0;289.20000000000005;1509_direct_carried;;;;710.5;208;289;;0;1;150A
260996;1786979408088;20.8;59;48.2;6.0;289.0;289.20000000000005;1509_direct_carried;;;;710.5;208;289;;0;1;150B
261207;1786979408299;20.8;59;48.2;6.0;289.0;289.20000000000005;1509_direct_carried;;;;710.5;208;289;;0;1;150D
262256;1786979409348;20.8;59;48.2;6.0;289.0;289.20000000000005;1509_direct_carried;;;;710.5;208;289;;0;1;1502
262874;1786979409966;20.8;59;48.2;6.0;289.0;289.20000000000005;1509_direct_carried;;;;710.6;208;289;;0;1;1506
263290;1786979410382;20.8;59;48.2;6.0;289.0;289.20000000000005;1509_direct_carried;;;;710.6;208;289;;0;1;1508
263504;1786979410596;20.8;59;48.0;7.0;336.0;336.0;1509_direct;;;;710.6;208;336;;0;1;1509
263707;1786979410799;20.8;59;48.0;7.0;336.0;336.0;1509_direct_carried;;;;710.6;208;336;;0;1;150A
263921;1786979411013;20.8;59;48.0;7.0;336.0;336.0;1509_direct_carried;;;;710.6;208;336;;0;1;150B
264135;1786979411227;20.8;59;48.0;7.0;336.0;336.0;1509_direct_carried;;;;710.6;208;336;;0;1;150D
265165;1786979412257;20.8;59;48.0;7.0;336.0;336.0;1509_direct_carried;;;;710.6;208;336;;0;1;1502
265799;1786979412891;20.8;59;48.0;7.0;336.0;336.0;1509_direct_carried;;;;710.6;208;336;;0;1;1506
266214;1786979413306;20.8;59;48.0;7.0;336.0;336.0;1509_direct_carried;;;;710.6;208;336;;0;1;1508
266420;1786979413512;20.8;59;48.1;7.0;336.0;336.7;1509_direct;;;;710.6;208;336;;0;1;1509
266633;1786979413725;20.8;59;48.1;7.0;336.0;336.7;1509_direct_carried;;;;710.6;208;336;;0;1;150A
266844;1786979413936;20.8;59;48.1;7.0;336.0;336.7;1509_direct_carried;;;;710.6;208;336;;0;1;150B
267047;1786979414139;20.8;59;48.1;7.0;336.0;336.7;1509_direct_carried;;;;710.6;208;336;;0;1;150D
268091;1786979415183;20.8;59;48.1;7.0;336.0;336.7;1509_direct_carried;;;;710.6;208;336;;0;1;1502
268510;1786979415602;21.8;59;48.1;7.0;336.0;336.7;1509_direct_carried;;;;710.6;218;336;;0;1;1505
268724;1786979415816;21.8;59;48.1;7.0;336.0;336.7;1509_direct_carried;;;;710.6;218;336;;0;1;1506
269140;1786979416232;21.8;59;48.1;7.0;336.0;336.7;1509_direct_carried;;;;710.6;218;336;;0;1;1508
269344;1786979416436;21.8;59;48.2;7.0;288.0;337.40000000000003;1509_direct;;;;710.6;218;288;;0;1;1509
269556;1786979416648;21.8;59;48.2;7.0;288.0;337.40000000000003;1509_direct_carried;;;;710.6;218;288;;0;1;150A
269760;1786979416852;21.8;59;48.2;7.0;288.0;337.40000000000003;1509_direct_carried;;;;710.6;218;288;;0;1;150B
269972;1786979417064;21.8;59;48.2;7.0;288.0;337.40000000000003;1509_direct_carried;;;;710.6;218;288;;0;1;150D
271009;1786979418101;21.8;59;48.2;7.0;288.0;337.40000000000003;1509_direct_carried;;;;710.6;218;288;;0;1;1502
271426;1786979418518;21.8;59;48.2;7.0;288.0;337.40000000000003;1509_direct_carried;;;;710.6;218;288;;0;1;1505
271638;1786979418730;21.8;59;48.2;7.0;288.0;337.40000000000003;1509_direct_carried;;;;710.6;218;288;;0;1;1506
272057;1786979419149;21.8;59;48.2;7.0;288.0;337.40000000000003;1509_direct_carried;;;;710.6;218;288;;0;1;1508
272268;1786979419360;21.8;59;48.2;6.0;289.0;289.20000000000005;1509_direct;;;;710.6;218;289;;0;1;1509
272471;1786979419563;21.8;59;48.2;6.0;289.0;289.20000000000005;1509_direct_carried;;;;710.6;218;289;;0;1;150A
272684;1786979419776;21.8;59;48.2;6.0;289.0;289.20000000000005;1509_direct_carried;;;;710.6;218;289;;0;1;150B
272887;1786979419979;21.8;59;48.2;6.0;289.0;289.20000000000005;1509_direct_carried;;;;710.6;218;289;;0;1;150D
273934;1786979421026;21.8;59;48.2;6.0;289.0;289.20000000000005;1509_direct_carried;;;;710.6;218;289;;0;1;1502
274564;1786979421656;21.8;59;48.2;6.0;289.0;289.20000000000005;1509_direct_carried;;;;710.6;218;289;;0;1;1506
274981;1786979422073;21.8;59;48.2;6.0;289.0;289.20000000000005;1509_direct_carried;;;;710.6;218;289;;0;1;1508
275182;1786979422274;21.8;59;49.0;3.0;147.0;147.0;1509_direct;;;;710.6;218;147;;0;1;1509
275396;1786979422488;21.8;59;49.0;3.0;147.0;147.0;1509_direct_carried;;;;710.6;218;147;;0;1;150A
275599;1786979422691;21.8;59;49.0;3.0;147.0;147.0;1509_direct_carried;;;;710.6;218;147;;0;1;150B
275813;1786979422905;21.8;59;49.0;3.0;147.0;147.0;1509_direct_carried;;;;710.6;218;147;;0;1;150D
276848;1786979423940;21.8;59;49.0;3.0;147.0;147.0;1509_direct_carried;;;;710.6;218;147;;0;1;1502
277274;1786979424366;17.8;59;49.0;3.0;147.0;147.0;1509_direct_carried;;;;710.6;178;147;;0;1;1505
277475;1786979424567;17.8;59;49.0;3.0;147.0;147.0;1509_direct_carried;;;;710.6;178;147;;0;1;1506
277893;1786979424985;17.8;59;49.0;3.0;147.0;147.0;1509_direct_carried;;;;710.6;178;147;;0;1;1508
278108;1786979425200;17.8;59;49.0;0.0;0.0;0.0;1509_direct;;;;710.6;178;0;;0;1;1509
278309;1786979425401;17.8;59;49.0;0.0;0.0;0.0;1509_direct_carried;;;;710.6;178;0;;0;1;150A
278524;1786979425616;17.8;59;49.0;0.0;0.0;0.0;1509_direct_carried;;;;710.6;178;0;;0;1;150B
278726;1786979425818;17.8;59;49.0;0.0;0.0;0.0;1509_direct_carried;;;;710.6;178;0;;0;1;150D
279774;1786979426866;17.8;59;49.0;0.0;0.0;0.0;1509_direct_carried;;;;710.6;178;0;;0;1;1502
280190;1786979427282;15.8;59;49.0;0.0;0.0;0.0;1509_direct_carried;;;;710.6;158;0;;0;1;1505
280402;1786979427494;15.8;59;49.0;0.0;0.0;0.0;1509_direct_carried;;;;710.7;158;0;;0;1;1506
280820;1786979427912;15.8;59;49.0;0.0;0.0;0.0;1509_direct_carried;;;;710.7;158;0;;0;1;1508
281022;1786979428114;15.8;59;48.6;4.0;194.0;194.4;1509_direct;;;;710.7;158;194;;0;1;1509
281235;1786979428327;15.8;59;48.6;4.0;194.0;194.4;1509_direct_carried;;;;710.7;158;194;;0;1;150A
281439;1786979428531;15.8;59;48.6;4.0;194.0;194.4;1509_direct_carried;;;;710.7;158;194;;0;1;150B
281651;1786979428743;15.8;59;48.6;4.0;194.0;194.4;1509_direct_carried;;;;710.7;158;194;;0;1;150D
282699;1786979429791;15.8;59;48.6;4.0;194.0;194.4;1509_direct_carried;;;;710.7;158;194;;0;1;1502
283116;1786979430208;14.4;59;48.6;4.0;194.0;194.4;1509_direct_carried;;;;710.7;144;194;;0;1;1505
283316;1786979430408;14.4;59;48.6;4.0;194.0;194.4;1509_direct_carried;;;;710.7;144;194;;0;1;1506
283734;1786979430826;14.4;59;48.6;4.0;194.0;194.4;1509_direct_carried;;;;710.7;144;194;;0;1;1508
283946;1786979431038;14.4;59;49.1;0.0;0.0;0.0;1509_direct;;;;710.7;144;0;;0;1;1509
284148;1786979431240;14.4;59;49.1;0.0;0.0;0.0;1509_direct_carried;;;;710.7;144;0;;0;1;150A
284363;1786979431455;14.4;59;49.1;0.0;0.0;0.0;1509_direct_carried;;;;710.7;144;0;;0;1;150B
284566;1786979431658;14.4;59;49.1;0.0;0.0;0.0;1509_direct_carried;;;;710.7;144;0;;0;1;150D
285612;1786979432704;14.4;59;49.1;0.0;0.0;0.0;1509_direct_carried;;;;710.7;144;0;;0;1;1502
286029;1786979433121;13.0;59;49.1;0.0;0.0;0.0;1509_direct_carried;;;;710.7;130;0;;0;1;1505
286241;1786979433333;13.0;59;49.1;0.0;0.0;0.0;1509_direct_carried;;;;710.7;130;0;;0;1;1506
286658;1786979433750;13.0;59;49.1;0.0;0.0;0.0;1509_direct_carried;;;;710.7;130;0;;0;1;1508
286862;1786979433954;13.0;59;48.6;3.0;146.0;145.8;1509_direct;;;;710.7;130;146;;0;1;1509
287075;1786979434167;13.0;59;48.6;3.0;146.0;145.8;1509_direct_carried;;;;710.7;130;146;;0;1;150A
287287;1786979434379;13.0;59;48.6;3.0;146.0;145.8;1509_direct_carried;;;;710.7;130;146;;0;1;150B
287492;1786979434584;13.0;59;48.6;3.0;146.0;145.8;1509_direct_carried;;;;710.7;130;146;;0;1;150D
288538;1786979435630;13.0;59;48.6;3.0;146.0;145.8;1509_direct_carried;;;;710.7;130;146;;0;1;1502
288955;1786979436047;12.5;59;48.6;3.0;146.0;145.8;1509_direct_carried;;;;710.7;125;146;;0;1;1505
289154;1786979436246;12.5;59;48.6;3.0;146.0;145.8;1509_direct_carried;;;;710.7;125;146;;0;1;1506
289572;1786979436664;12.5;59;48.6;3.0;146.0;145.8;1509_direct_carried;;;;710.7;125;146;;0;1;1508
289786;1786979436878;12.5;59;49.2;0.0;0.0;0.0;1509_direct;;;;710.7;125;0;;0;1;1509
289988;1786979437080;12.5;59;49.2;0.0;0.0;0.0;1509_direct_carried;;;;710.7;125;0;;0;1;150A
290202;1786979437294;12.5;59;49.2;0.0;0.0;0.0;1509_direct_carried;;;;710.7;125;0;;0;1;150B
290415;1786979437507;12.5;59;49.2;0.0;0.0;0.0;1509_direct_carried;;;;710.7;125;0;;0;1;150D
291451;1786979438543;12.5;59;49.2;0.0;0.0;0.0;1509_direct_carried;;;;710.7;125;0;;0;1;1502
291867;1786979438959;10.3;59;49.2;0.0;0.0;0.0;1509_direct_carried;;;;710.7;103;0;;0;1;1505
292080;1786979439172;10.3;59;49.2;0.0;0.0;0.0;1509_direct_carried;;;;710.7;103;0;;0;1;1506
292495;1786979439587;10.3;59;49.2;0.0;0.0;0.0;1509_direct_carried;;;;710.7;103;0;;0;1;1508
292711;1786979439803;10.3;59;49.1;0.0;0.0;0.0;1509_direct;;;;710.7;103;0;;0;1;1509
292914;1786979440006;10.3;59;49.1;0.0;0.0;0.0;1509_direct_carried;;;;710.7;103;0;;0;1;150A
293128;1786979440220;10.3;59;49.1;0.0;0.0;0.0;1509_direct_carried;;;;710.7;103;0;;0;1;150B
293331;1786979440423;10.3;59;49.1;0.0;0.0;0.0;1509_direct_carried;;;;710.7;103;0;;0;1;150D
294376;1786979441468;10.3;59;49.1;0.0;0.0;0.0;1509_direct_carried;;;;710.7;103;0;;0;1;1502
294792;1786979441884;7.4;59;49.1;0.0;0.0;0.0;1509_direct_carried;;;;710.7;74;0;;0;1;1505
295016;1786979442108;7.4;59;49.1;0.0;0.0;0.0;1509_direct_carried;;;;710.7;74;0;;0;1;1506
295421;1786979442513;7.4;59;49.1;0.0;0.0;0.0;1509_direct_carried;;;;710.7;74;0;;0;1;1508
295625;1786979442717;7.4;59;48.8;2.0;97.0;97.6;1509_direct;;;;710.7;74;97;;0;1;1509
295839;1786979442931;7.4;59;48.8;2.0;97.0;97.6;1509_direct_carried;;;;710.7;74;97;;0;1;150A
296040;1786979443132;7.4;59;48.8;2.0;97.0;97.6;1509_direct_carried;;;;710.7;74;97;;0;1;150B
296254;1786979443346;7.4;59;48.8;2.0;97.0;97.6;1509_direct_carried;;;;710.7;74;97;;0;1;150D
297290;1786979444382;7.4;59;48.8;2.0;97.0;97.6;1509_direct_carried;;;;710.7;74;97;;0;1;1502
297720;1786979444812;6.4;59;48.8;2.0;97.0;97.6;1509_direct_carried;;;;710.7;64;97;;0;1;1505
297920;1786979445012;6.4;59;48.8;2.0;97.0;97.6;1509_direct_carried;;;;710.7;64;97;;0;1;1506
298338;1786979445430;6.4;59;48.8;2.0;97.0;97.6;1509_direct_carried;;;;710.7;64;97;;0;1;1508
298549;1786979445641;6.4;59;49.4;0.0;0.0;0.0;1509_direct;;;;710.7;64;0;;0;1;1509
298764;1786979445856;6.4;59;49.4;0.0;0.0;0.0;1509_direct_carried;;;;710.7;64;0;;0;1;150A
298966;1786979446058;6.4;59;49.4;0.0;0.0;0.0;1509_direct_carried;;;;710.7;64;0;;0;1;150B
299170;1786979446262;6.4;59;49.4;0.0;0.0;0.0;1509_direct_carried;;;;710.7;64;0;;0;1;150D
300216;1786979447308;6.4;59;49.4;0.0;0.0;0.0;1509_direct_carried;;;;710.7;64;0;;0;1;1502
300632;1786979447724;0.0;59;49.4;0.0;0.0;0.0;1509_direct_carried;;;;710.7;0;0;;0;1;1505
300844;1786979447936;0.0;59;49.4;0.0;0.0;0.0;1509_direct_carried;;;;710.7;0;0;;0;1;1506
301260;1786979448352;0.0;59;49.4;0.0;0.0;0.0;1509_direct_carried;;;;710.7;0;0;;0;1;1508
301461;1786979448553;0.0;59;49.3;0.0;0.0;0.0;1509_direct;;;;710.7;0;0;;0;1;1509
301678;1786979448770;0.0;59;49.3;0.0;0.0;0.0;1509_direct_carried;;;;710.7;0;0;;0;1;150A
301880;1786979448972;0.0;59;49.3;0.0;0.0;0.0;1509_direct_carried;;;;710.7;0;0;;0;1;150B
302095;1786979449187;0.0;59;49.3;0.0;0.0;0.0;1509_direct_carried;;;;710.7;0;0;;0;1;150D
303141;1786979450233;0.0;59;49.3;0.0;0.0;0.0;1509_direct_carried;;;;710.7;0;0;;0;1;1502
303558;1786979450650;0.0;59;49.3;0.0;0.0;0.0;1509_direct_carried;;;;710.7;0;0;;0;1;1505
303759;1786979450851;0.0;59;49.3;0.0;0.0;0.0;1509_direct_carried;;;;710.7;0;0;;0;1;1506
304174;1786979451266;0.0;59;49.3;0.0;0.0;0.0;1509_direct_carried;;;;710.7;0;0;;0;1;1508
304386;1786979451478;0.0;59;49.3;0.0;0.0;0.0;1509_direct;;;;710.7;0;0;;0;1;1509
304588;1786979451680;0.0;59;49.3;0.0;0.0;0.0;1509_direct_carried;;;;710.7;0;0;;0;1;150A
304801;1786979451893;0.0;59;49.3;0.0;0.0;0.0;1509_direct_carried;;;;710.7;0;0;;0;1;150B
305003;1786979452095;0.0;59;49.3;0.0;0.0;0.0;1509_direct_carried;;;;710.7;0;0;;0;1;150D
306050;1786979453142;0.0;59;49.3;0.0;0.0;0.0;1509_direct_carried;;;;710.7;0;0;;0;1;1502
306466;1786979453558;0.0;59;49.3;0.0;0.0;0.0;1509_direct_carried;;;;710.7;0;0;;0;1;1505
306685;1786979453777;0.0;59;49.3;0.0;0.0;0.0;1509_direct_carried;;;;710.7;0;0;;0;1;1506
307098;1786979454190;0.0;59;49.3;0.0;0.0;0.0;1509_direct_carried;;;;710.7;0;0;;0;1;1508
307299;1786979454391;0.0;59;49.3;0.0;0.0;0.0;1509_direct;;;;710.7;0;0;;0;1;1509
307514;1786979454606;0.0;59;49.3;0.0;0.0;0.0;1509_direct_carried;;;;710.7;0;0;;0;1;150A
307728;1786979454820;0.0;59;49.3;0.0;0.0;0.0;1509_direct_carried;;;;710.7;0;0;;0;1;150B
307930;1786979455022;0.0;59;49.3;0.0;0.0;0.0;1509_direct_carried;;;;710.7;0;0;;0;1;150D
308974;1786979456066;0.0;59;49.3;0.0;0.0;0.0;1509_direct_carried;;;;710.7;0;0;;0;1;1502
309398;1786979456490;0.0;59;49.3;0.0;0.0;0.0;1509_direct_carried;;;;710.7;0;0;;0;1;1505
309599;1786979456691;0.0;59;49.3;0.0;0.0;0.0;1509_direct_carried;;;;710.7;0;0;;0;1;1506
310012;1786979457104;0.0;59;49.3;0.0;0.0;0.0;1509_direct_carried;;;;710.7;0;0;;0;1;1508
310222;1786979457314;0.0;61;49.4;0.0;0.0;0.0;1509_direct;;;;710.7;0;0;;0;1;1509
310438;1786979457530;0.0;61;49.4;0.0;0.0;0.0;1509_direct_carried;;;;710.7;0;0;;0;1;150A
310641;1786979457733;0.0;61;49.4;0.0;0.0;0.0;1509_direct_carried;;;;710.7;0;0;;0;1;150B
310864;1786979457956;0.0;61;49.4;0.0;0.0;0.0;1509_direct_carried;;;;710.7;0;0;;0;1;150D
311889;1786979458981;0.0;61;49.4;0.0;0.0;0.0;1509_direct_carried;;;;710.7;0;0;;0;1;1502
312308;1786979459400;0.0;61;49.4;0.0;0.0;0.0;1509_direct_carried;;;;710.7;0;0;;0;1;1505
312520;1786979459612;0.0;61;49.4;0.0;0.0;0.0;1509_direct_carried;;;;710.7;0;0;;0;1;1506
312936;1786979460028;0.0;61;49.4;0.0;0.0;0.0;1509_direct_carried;;;;710.7;0;0;;0;1;1508
313150;1786979460242;0.0;64;49.4;0.0;0.0;0.0;1509_direct;;;;710.7;0;0;;0;1;1509
313362;1786979460454;0.0;64;49.4;0.0;0.0;0.0;1509_direct_carried;;;;710.7;0;0;;0;1;150A
313566;1786979460658;0.0;64;49.4;0.0;0.0;0.0;1509_direct_carried;;;;710.7;0;0;;0;1;150B
313772;1786979460864;0.0;64;49.4;0.0;0.0;0.0;1509_direct_carried;;;;710.7;0;0;;0;1;150D
314815;1786979461907;0.0;64;49.4;0.0;0.0;0.0;1509_direct_carried;;;;710.7;0;0;;0;1;1502
315448;1786979462540;0.0;64;49.4;0.0;0.0;0.0;1509_direct_carried;;;;710.7;0;0;;0;1;1505
315651;1786979462743;0.0;64;49.4;0.0;0.0;0.0;1509_direct_carried;;;;710.7;0;0;;0;1;1506
316068;1786979463160;0.0;64;49.4;0.0;0.0;0.0;1509_direct_carried;;;;710.7;0;0;;0;1;1508
316282;1786979463374;0.0;64;49.4;0.0;0.0;0.0;1509_direct;;;;710.7;0;0;;0;1;1509
316483;1786979463575;0.0;64;49.4;0.0;0.0;0.0;1509_direct_carried;;;;710.7;0;0;;0;1;150A
316697;1786979463789;0.0;64;49.4;0.0;0.0;0.0;1509_direct_carried;;;;710.7;0;0;;0;1;150B
316899;1786979463991;0.0;64;49.4;0.0;0.0;0.0;1509_direct_carried;;;;710.7;0;0;;0;1;150D
317943;1786979465035;0.0;64;49.4;0.0;0.0;0.0;1509_direct_carried;;;;710.7;0;0;;0;1;1502
318357;1786979465449;0.0;64;49.4;0.0;0.0;0.0;1509_direct_carried;;;;710.7;0;0;;0;1;1505
318573;1786979465665;0.0;64;49.4;0.0;0.0;0.0;1509_direct_carried;;;;710.7;0;0;;0;1;1506
318987;1786979466079;0.0;64;49.4;0.0;0.0;0.0;1509_direct_carried;;;;710.7;0;0;;0;1;1508
319191;1786979466283;0.0;64;49.4;0.0;0.0;0.0;1509_direct;;;;710.7;0;0;;0;1;1509
319405;1786979466497;0.0;64;49.4;0.0;0.0;0.0;1509_direct_carried;;;;710.7;0;0;;0;1;150A
319609;1786979466701;0.0;64;49.4;0.0;0.0;0.0;1509_direct_carried;;;;710.7;0;0;;0;1;150B
319822;1786979466914;0.0;64;49.4;0.0;0.0;0.0;1509_direct_carried;;;;710.7;0;0;;0;1;150D
320868;1786979467960;0.0;64;49.4;0.0;0.0;0.0;1509_direct_carried;;;;710.7;0;0;;0;1;1502
321285;1786979468377;0.0;64;49.4;0.0;0.0;0.0;1509_direct_carried;;;;710.7;0;0;;0;1;1505
321489;1786979468581;0.0;64;49.4;0.0;0.0;0.0;1509_direct_carried;;;;710.7;0;0;;0;1;1506
321902;1786979468994;0.0;64;49.4;0.0;0.0;0.0;1509_direct_carried;;;;710.7;0;0;;0;1;1508
322118;1786979469210;0.0;64;49.4;0.0;0.0;0.0;1509_direct;;;;710.7;0;0;;0;1;1509
322320;1786979469412;0.0;64;49.4;0.0;0.0;0.0;1509_direct_carried;;;;710.7;0;0;;0;1;150A
322536;1786979469628;0.0;64;49.4;0.0;0.0;0.0;1509_direct_carried;;;;710.7;0;0;;0;1;150B
322745;1786979469837;0.0;64;49.4;0.0;0.0;0.0;1509_direct_carried;;;;710.7;0;0;;0;1;150D
323783;1786979470875;0.0;64;49.4;0.0;0.0;0.0;1509_direct_carried;;;;710.7;0;0;;0;1;1502
324199;1786979471291;0.0;64;49.4;0.0;0.0;0.0;1509_direct_carried;;;;710.7;0;0;;0;1;1505
324411;1786979471503;0.0;64;49.4;0.0;0.0;0.0;1509_direct_carried;;;;710.7;0;0;;0;1;1506
324828;1786979471920;0.0;64;49.4;0.0;0.0;0.0;1509_direct_carried;;;;710.7;0;0;;0;1;1508
325032;1786979472124;0.0;64;49.4;0.0;0.0;0.0;1509_direct;;;;710.7;0;0;;0;1;1509
325245;1786979472337;0.0;64;49.4;0.0;0.0;0.0;1509_direct_carried;;;;710.7;0;0;;0;1;150A
325459;1786979472551;0.0;64;49.4;0.0;0.0;0.0;1509_direct_carried;;;;710.7;0;0;;0;1;150B
325661;1786979472753;0.0;64;49.4;0.0;0.0;0.0;1509_direct_carried;;;;710.7;0;0;;0;1;150D
326708;1786979473800;0.0;64;49.4;0.0;0.0;0.0;1509_direct_carried;;;;710.7;0;0;;0;1;1502
327122;1786979474214;0.0;64;49.4;0.0;0.0;0.0;1509_direct_carried;;;;710.7;0;0;;0;1;1505
327327;1786979474419;0.0;64;49.4;0.0;0.0;0.0;1509_direct_carried;;;;710.7;0;0;;0;1;1506
327756;1786979474848;0.0;64;49.4;0.0;0.0;0.0;1509_direct_carried;;;;710.7;0;0;;0;1;1508
327956;1786979475048;0.0;64;49.4;0.0;0.0;0.0;1509_direct;;;;710.7;0;0;;0;1;1509
328171;1786979475263;0.0;64;49.4;0.0;0.0;0.0;1509_direct_carried;;;;710.7;0;0;;0;1;150A
328372;1786979475464;0.0;64;49.4;0.0;0.0;0.0;1509_direct_carried;;;;710.7;0;0;;0;1;150B
328585;1786979475677;0.0;64;49.4;0.0;0.0;0.0;1509_direct_carried;;;;710.7;0;0;;0;1;150D
329620;1786979476712;0.0;64;49.4;0.0;0.0;0.0;1509_direct_carried;;;;710.7;0;0;;0;1;1502
330037;1786979477129;0.0;64;49.4;0.0;0.0;0.0;1509_direct_carried;;;;710.7;0;0;;0;1;1505
330252;1786979477344;0.0;64;49.4;0.0;0.0;0.0;1509_direct_carried;;;;710.7;0;0;;0;1;1506
330667;1786979477759;0.0;64;49.4;0.0;0.0;0.0;1509_direct_carried;;;;710.7;0;0;;0;1;1508
330883;1786979477975;0.0;64;49.4;0.0;0.0;0.0;1509_direct;;;;710.7;0;0;;0;1;1509
331086;1786979478178;0.0;64;49.4;0.0;0.0;0.0;1509_direct_carried;;;;710.7;0;0;;0;1;150A
331300;1786979478392;0.0;64;49.4;0.0;0.0;0.0;1509_direct_carried;;;;710.7;0;0;;0;1;150B
331499;1786979478591;0.0;64;49.4;0.0;0.0;0.0;1509_direct_carried;;;;710.7;0;0;;0;1;150D
332546;1786979479638;0.0;64;49.4;0.0;0.0;0.0;1509_direct_carried;;;;710.7;0;0;;0;1;1502
332964;1786979480056;0.0;64;49.4;0.0;0.0;0.0;1509_direct_carried;;;;710.7;0;0;;0;1;1505
333175;1786979480267;0.0;64;49.4;0.0;0.0;0.0;1509_direct_carried;;;;710.7;0;0;;0;1;1506
333592;1786979480684;0.0;64;49.4;0.0;0.0;0.0;1509_direct_carried;;;;710.7;0;0;;0;1;1508
333794;1786979480886;0.0;64;49.5;0.0;0.0;0.0;1509_direct;;;;710.7;0;0;;0;1;1509
334008;1786979481100;0.0;64;49.5;0.0;0.0;0.0;1509_direct_carried;;;;710.7;0;0;;0;1;150A
334210;1786979481302;0.0;64;49.5;0.0;0.0;0.0;1509_direct_carried;;;;710.7;0;0;;0;1;150B
334440;1786979481532;0.0;64;49.5;0.0;0.0;0.0;1509_direct_carried;;;;710.7;0;0;;0;1;150D
335470;1786979482562;0.0;64;49.5;0.0;0.0;0.0;1509_direct_carried;;;;710.7;0;0;;0;1;1502
335886;1786979482978;0.0;64;49.5;0.0;0.0;0.0;1509_direct_carried;;;;710.7;0;0;;0;1;1505
336089;1786979483181;0.0;64;49.5;0.0;0.0;0.0;1509_direct_carried;;;;710.7;0;0;;0;1;1506
336506;1786979483598;0.0;64;49.5;0.0;0.0;0.0;1509_direct_carried;;;;710.7;0;0;;0;1;1508
336720;1786979483812;0.0;64;49.4;0.0;0.0;0.0;1509_direct;;;;710.7;0;0;;0;1;1509
336922;1786979484014;0.0;64;49.4;0.0;0.0;0.0;1509_direct_carried;;;;710.7;0;0;;0;1;150A
337136;1786979484228;0.0;64;49.4;0.0;0.0;0.0;1509_direct_carried;;;;710.7;0;0;;0;1;150B
337339;1786979484431;0.0;64;49.4;0.0;0.0;0.0;1509_direct_carried;;;;710.7;0;0;;0;1;150D
338466;1786979485558;0.0;64;49.4;0.0;0.0;0.0;1509_direct_carried;;;;710.7;0;0;;0;1;1502
338801;1786979485893;0.0;64;49.4;0.0;0.0;0.0;1509_direct_carried;;;;710.7;0;0;;0;1;1505
339025;1786979486117;0.0;64;49.4;0.0;0.0;0.0;1509_direct_carried;;;;710.7;0;0;;0;1;1506
339442;1786979486534;0.0;64;49.4;0.0;0.0;0.0;1509_direct_carried;;;;710.7;0;0;;0;1;1508
339644;1786979486736;0.0;64;49.5;0.0;0.0;0.0;1509_direct;;;;710.7;0;0;;0;1;1509
339846;1786979486938;0.0;64;49.5;0.0;0.0;0.0;1509_direct_carried;;;;710.7;0;0;;0;1;150A
340061;1786979487153;0.0;64;49.5;0.0;0.0;0.0;1509_direct_carried;;;;710.7;0;0;;0;1;150B
340263;1786979487355;0.0;64;49.5;0.0;0.0;0.0;1509_direct_carried;;;;710.7;0;0;;0;1;150D
341312;1786979488404;0.0;64;49.5;0.0;0.0;0.0;1509_direct_carried;;;;710.7;0;0;;0;1;1502
341725;1786979488817;0.0;64;49.5;0.0;0.0;0.0;1509_direct_carried;;;;710.7;0;0;;0;1;1505
341929;1786979489021;0.0;64;49.5;0.0;0.0;0.0;1509_direct_carried;;;;710.7;0;0;;0;1;1506
342347;1786979489439;0.0;64;49.5;0.0;0.0;0.0;1509_direct_carried;;;;710.7;0;0;;0;1;1508
342560;1786979489652;0.0;64;49.5;0.0;0.0;0.0;1509_direct;;;;710.7;0;0;;0;1;1509
342773;1786979489865;0.0;64;49.5;0.0;0.0;0.0;1509_direct_carried;;;;710.7;0;0;;0;1;150A
342979;1786979490071;0.0;64;49.5;0.0;0.0;0.0;1509_direct_carried;;;;710.7;0;0;;0;1;150B
343189;1786979490281;0.0;64;49.5;0.0;0.0;0.0;1509_direct_carried;;;;710.7;0;0;;0;1;150D
344223;1786979491315;0.0;64;49.5;0.0;0.0;0.0;1509_direct_carried;;;;710.7;0;0;;0;1;1502
344639;1786979491731;0.0;64;49.5;0.0;0.0;0.0;1509_direct_carried;;;;710.7;0;0;;0;1;1505
344854;1786979491946;0.0;64;49.5;0.0;0.0;0.0;1509_direct_carried;;;;710.7;0;0;;0;1;1506
345268;1786979492360;0.0;64;49.5;0.0;0.0;0.0;1509_direct_carried;;;;710.7;0;0;;0;1;1508
345482;1786979492574;0.0;64;49.5;0.0;0.0;0.0;1509_direct;;;;710.7;0;0;;0;1;1509
345686;1786979492778;0.0;64;49.5;0.0;0.0;0.0;1509_direct_carried;;;;710.7;0;0;;0;1;150A
345901;1786979492993;0.0;64;49.5;0.0;0.0;0.0;1509_direct_carried;;;;710.7;0;0;;0;1;150B
346103;1786979493195;0.0;64;49.5;0.0;0.0;0.0;1509_direct_carried;;;;710.7;0;0;;0;1;150D
347149;1786979494241;0.0;64;49.5;0.0;0.0;0.0;1509_direct_carried;;;;710.7;0;0;;0;1;1502
347567;1786979494659;0.0;64;49.5;0.0;0.0;0.0;1509_direct_carried;;;;710.7;0;0;;0;1;1505
347781;1786979494873;0.0;64;49.5;0.0;0.0;0.0;1509_direct_carried;;;;710.7;0;0;;0;1;1506
348200;1786979495292;0.0;64;49.5;0.0;0.0;0.0;1509_direct_carried;;;;710.7;0;0;;0;1;1508
348400;1786979495492;0.0;64;49.5;0.0;0.0;0.0;1509_direct;;;;710.7;0;0;;0;1;1509
348614;1786979495706;0.0;64;49.5;0.0;0.0;0.0;1509_direct_carried;;;;710.7;0;0;;0;1;150A
348817;1786979495909;0.0;64;49.5;0.0;0.0;0.0;1509_direct_carried;;;;710.7;0;0;;0;1;150B
349029;1786979496121;0.0;64;49.5;0.0;0.0;0.0;1509_direct_carried;;;;710.7;0;0;;0;1;150D